Date,Close,High,Low,Open,Volume,Return,High_Low,Open_Close_Diff,Abs_Return
2015-01-01,56.226,57.67,55.172,57.174,58984200,,2.498,0.948,
2015-01-08,55.618,57.502,54.081,56.554,85893300,-0.011,3.421,0.936,0.011
2015-01-15,56.938,57.013,54.856,56.046,67510100,0.024,2.157,-0.892,0.024
2015-01-22,54.509,57.62,54.428,57.211,69069000,-0.043,3.192,2.702,0.043
2015-01-29,56.684,57.224,53.319,54.676,107202300,0.04,3.905,-2.008,0.04
2015-02-05,56.151,57.354,55.649,57.261,61694400,-0.009,1.704,1.109,0.009
2015-02-12,56.83,58.354,56.443,57.111,57840600,0.012,1.911,0.281,0.012
2015-02-19,55.95,56.462,55.313,55.975,67998700,-0.015,1.149,0.025,0.015
2015-02-26,54.438,55.75,54.282,55.656,67829700,-0.027,1.467,1.218,0.027
2015-03-05,52.465,54.445,52.453,54.37,73302100,-0.036,1.992,1.905,0.036
2015-03-12,53.745,53.933,51.628,52.721,72834400,0.024,2.304,-1.024,0.024
2015-03-19,52.99,53.564,52.659,53.196,88381700,-0.014,0.905,0.206,0.014
2015-03-26,52.74,53.702,52.034,53.264,69509500,-0.005,1.667,0.525,0.005
2015-04-02,52.49,53.808,52.359,52.509,50307000,-0.005,1.449,0.019,0.005
2015-04-09,55.0,55.281,52.334,52.453,67561300,0.048,2.947,-2.548,0.048
2015-04-16,54.613,55.05,53.801,54.876,54358600,-0.007,1.249,0.262,0.007
2015-04-23,54.869,55.188,54.114,54.551,50974300,0.005,1.074,-0.318,0.005
2015-04-30,55.069,56.256,54.463,55.369,59717000,0.004,1.792,0.3,0.004
2015-05-07,54.051,55.619,53.951,54.95,51798900,-0.018,1.667,0.899,0.018
2015-05-14,54.857,55.166,54.278,54.731,40662600,0.015,0.888,-0.126,0.015
2015-05-21,53.585,55.052,53.371,54.952,38023100,-0.023,1.681,1.366,0.023
2015-05-28,53.485,54.045,53.39,53.585,49255500,-0.002,0.655,0.101,0.002
2015-06-04,53.648,54.127,52.748,53.327,54493000,0.003,1.379,-0.321,0.003
2015-06-11,53.346,53.957,52.377,53.705,43860800,-0.006,1.58,0.359,0.006
2015-06-18,53.315,54.121,53.258,53.39,57866500,-0.001,0.863,0.076,0.001
2015-06-25,51.86,53.453,51.697,53.422,69532100,-0.027,1.757,1.561,0.027
2015-07-02,51.608,52.433,51.306,52.125,46580900,-0.005,1.127,0.516,0.005
2015-07-09,52.106,52.521,51.363,52.175,47235300,0.01,1.158,0.069,0.01
2015-07-16,51.495,52.559,51.268,52.37,55239300,-0.012,1.291,0.875,0.012
2015-07-23,52.345,52.383,49.72,51.457,74071800,0.017,2.663,-0.888,0.017
2015-07-30,48.586,52.458,48.416,52.37,88559100,-0.072,4.042,3.784,0.072
2015-08-06,49.606,49.657,48.057,48.442,71047600,0.021,1.599,-1.165,0.021
2015-08-13,48.444,50.388,48.253,49.772,58474200,-0.023,2.135,1.328,0.023
2015-08-20,46.073,48.412,42.292,48.297,143676900,-0.049,6.12,2.224,0.049
2015-08-27,46.537,48.285,45.444,46.899,104168200,0.01,2.841,0.362,0.01
2015-09-03,45.755,47.605,45.66,46.798,59227500,-0.017,1.945,1.042,0.017
2015-09-10,47.217,47.471,45.603,46.27,62458700,0.032,1.868,-0.947,0.032
2015-09-17,45.946,47.961,45.768,47.287,77666200,-0.027,2.192,1.341,0.027
2015-09-24,47.249,47.249,45.578,45.755,76262300,0.028,1.671,-1.493,0.028
2015-10-01,50.331,50.388,46.41,47.789,89120000,0.065,3.978,-2.542,0.065
2015-10-08,50.941,51.144,49.88,50.401,68473800,0.012,1.265,-0.54,0.012
2015-10-15,50.973,52.428,50.776,50.96,64716100,0.001,1.652,-0.013,0.001
2015-10-22,52.288,52.746,50.668,51.272,66668000,0.026,2.078,-1.017,0.026
2015-10-29,54.64,55.567,51.64,51.977,84727600,0.045,3.927,-2.663,0.045
2015-11-05,51.869,54.799,51.729,54.366,62170000,-0.051,3.069,2.497,0.051
2015-11-12,51.757,52.103,49.943,51.648,69022300,-0.002,2.16,-0.109,0.002
2015-11-19,52.084,52.789,50.68,51.61,55502000,0.006,2.109,-0.474,0.006
2015-11-26,50.994,52.981,50.911,51.654,52102800,-0.021,2.071,0.66,0.021
2015-12-03,48.481,51.186,47.302,51.103,98956700,-0.049,3.885,2.622,0.049
2015-12-10,50.738,51.033,47.494,48.59,104192700,0.047,3.539,-2.147,0.047
2015-12-17,51.404,51.424,49.135,50.654,89699400,0.013,2.288,-0.75,0.013
2015-12-24,50.071,51.456,49.943,51.456,33717700,-0.026,1.513,1.385,0.026
2015-12-31,49.661,50.283,49.013,49.686,61506000,-0.008,1.269,0.026,0.008
2016-01-07,48.494,49.994,46.513,48.757,109567200,-0.023,3.481,0.263,0.023
2016-01-14,46.911,51.231,45.866,48.853,118134100,-0.033,5.365,1.942,0.033
2016-01-21,48.263,49.661,46.545,46.898,98713300,0.029,3.115,-1.365,0.029
2016-01-28,50.308,50.34,47.148,49.584,105351700,0.042,3.192,-0.724,0.042
2016-02-04,50.866,52.424,49.718,50.372,112008800,0.011,2.705,-0.494,0.011
2016-02-11,53.042,53.546,50.183,50.674,69017700,0.043,3.364,-2.367,0.043
2016-02-18,52.731,53.973,51.535,53.624,67903900,-0.006,2.439,0.893,0.006
2016-02-25,53.495,53.74,51.761,52.757,76778300,0.014,1.979,-0.737,0.014
2016-03-03,53.3,54.633,52.744,53.469,78707700,-0.004,1.889,0.168,0.004
2016-03-10,53.604,54.031,52.35,53.313,65318200,0.006,1.682,-0.291,0.006
2016-03-17,54.174,54.892,53.507,54.128,67450300,0.011,1.384,-0.045,0.011
2016-03-24,54.672,55.015,53.643,53.65,37643600,0.009,1.371,-1.022,0.009
2016-03-31,53.889,55.047,53.035,54.381,53949400,-0.014,2.012,0.492,0.014
2016-04-07,54.872,54.924,53.074,53.533,46790100,0.018,1.85,-1.339,0.018
2016-04-14,56.147,56.561,54.245,54.982,56604600,0.023,2.316,-1.164,0.023
2016-04-21,57.22,57.389,55.856,56.011,49191900,0.019,1.533,-1.21,0.019
2016-04-28,56.884,58.074,56.509,56.832,60174300,-0.006,1.565,-0.052,0.006
2016-05-05,57.447,58.217,56.425,57.414,52018300,0.01,1.792,-0.032,0.01
2016-05-12,58.282,58.706,57.734,58.575,48596200,0.015,0.972,0.294,0.015
2016-05-19,58.875,58.967,57.695,57.799,58990900,0.01,1.272,-1.076,0.01
2016-05-26,58.21,59.006,57.486,58.869,36547400,-0.011,1.52,0.659,0.011
2016-06-02,59.221,59.554,57.147,57.538,50649700,0.017,2.407,-1.683,0.017
2016-06-09,58.81,59.639,58.51,58.823,51514900,-0.007,1.128,0.013,0.007
2016-06-16,59.469,59.965,58.125,58.51,57039400,0.011,1.839,-0.959,0.011
2016-06-23,60.31,60.467,57.473,59.965,70819300,0.014,2.994,-0.346,0.014
2016-06-30,61.374,61.393,60.173,60.226,47908500,0.018,1.22,-1.148,0.018
2016-07-07,61.889,61.935,60.239,61.537,49713000,0.008,1.696,-0.352,0.008
2016-07-14,61.269,62.326,61.185,62.0,42779500,-0.01,1.142,0.731,0.01
2016-07-21,59.299,61.504,59.117,61.243,47021600,-0.032,2.387,1.944,0.032
2016-07-28,57.069,59.182,55.823,59.058,92827800,-0.038,3.359,1.989,0.038
2016-08-04,56.364,57.982,56.103,57.075,55930800,-0.012,1.879,0.711,0.012
2016-08-11,57.963,58.22,56.746,57.029,41958000,0.028,1.474,-0.934,0.028
2016-08-18,57.904,58.509,57.134,58.141,41693600,-0.001,1.375,0.237,0.001
2016-08-25,57.325,58.055,56.72,57.904,39369400,-0.01,1.335,0.579,0.01
2016-09-01,58.049,58.332,56.634,57.049,32855900,0.013,1.697,-1.0,0.013
2016-09-08,55.654,58.792,55.437,58.253,60460000,-0.041,3.355,2.599,0.041
2016-09-15,54.799,56.345,54.148,55.7,71108000,-0.015,2.197,0.901,0.015
2016-09-22,57.167,57.384,54.134,55.444,71978800,0.043,3.25,-1.724,0.043
2016-09-29,57.233,57.766,56.365,57.213,59173800,0.001,1.401,-0.02,0.001
2016-10-06,57.318,58.331,56.851,57.397,41874800,0.001,1.48,0.079,0.001
2016-10-13,57.345,57.792,56.2,56.805,39947800,0.0,1.592,-0.539,0.0
2016-10-20,57.292,57.661,56.378,57.095,41282000,-0.001,1.283,-0.197,0.001
2016-10-27,54.898,57.667,54.562,57.417,69083800,-0.042,3.105,2.52,0.042
2016-11-03,56.74,57.042,54.444,55.049,61926300,0.034,2.599,-1.691,0.034
2016-11-10,56.91,58.397,55.968,57.016,61610500,0.003,2.429,0.106,0.003
2016-11-17,57.687,57.899,56.3,57.368,40906300,0.014,1.599,-0.319,0.014
2016-11-24,57.939,58.529,56.465,57.547,44369200,0.004,2.064,-0.392,0.004
2016-12-01,58.45,58.735,57.474,58.39,56929500,0.009,1.261,-0.06,0.009
2016-12-08,60.116,61.868,58.171,58.437,67808500,0.029,3.697,-1.679,0.029
2016-12-15,59.917,60.839,59.571,59.797,55918900,-0.003,1.268,-0.119,0.003
2016-12-22,59.93,60.467,59.744,59.744,23976100,0.0,0.723,-0.186,0.0
2016-12-29,59.658,60.62,59.565,59.797,35597300,-0.005,1.055,0.139,0.005
2017-01-05,57.614,59.93,56.983,59.857,69190400,-0.034,2.947,2.243,0.034
2017-01-12,57.262,58.012,57.109,57.919,43891600,-0.006,0.903,0.657,0.006
2017-01-19,56.638,57.142,56.14,57.056,67993100,-0.011,1.002,0.418,0.011
2017-01-26,55.045,56.963,54.78,56.87,66756400,-0.028,2.183,1.825,0.028
2017-02-02,54.076,55.563,53.87,55.224,60596100,-0.018,1.692,1.148,0.018
2017-02-09,55.696,55.709,54.571,54.571,50553400,0.03,1.139,-1.125,0.03
2017-02-16,54.202,55.87,54.162,55.669,55598000,-0.027,1.708,1.467,0.027
2017-02-23,55.602,55.81,54.088,54.53,72967900,0.026,1.721,-1.072,0.026
2017-03-02,54.269,56.426,54.256,55.455,65507100,-0.024,2.17,1.185,0.024
2017-03-09,54.919,55.234,53.787,54.008,58954400,0.012,1.447,-0.911,0.012
2017-03-16,54.758,55.153,54.537,54.939,61014300,-0.003,0.616,0.181,0.003
2017-03-23,54.932,55.106,54.109,54.671,46061800,0.003,0.998,-0.261,0.003
2017-03-30,55.274,56.171,54.47,54.939,100974000,0.006,1.701,-0.335,0.006
2017-04-06,55.569,55.903,55.2,55.421,45442400,0.005,0.703,-0.147,0.005
2017-04-13,53.908,55.408,53.78,55.401,37830900,-0.03,1.627,1.494,0.03
2017-04-20,54.517,55.14,53.894,54.216,50375200,0.011,1.246,-0.301,0.011
2017-04-27,55.388,55.636,54.209,54.296,52513500,0.016,1.427,-1.092,0.016
2017-05-04,54.859,55.589,54.517,55.113,52642000,-0.01,1.072,0.255,0.01
2017-05-11,55.431,56.269,55.411,55.836,49134300,0.01,0.859,0.406,0.01
2017-05-18,55.634,56.039,55.045,55.282,47146200,0.004,0.994,-0.352,0.004
2017-05-25,54.423,55.918,54.403,55.661,43143900,-0.022,1.514,1.237,0.022
2017-06-01,54.701,55.032,53.585,54.336,68403600,0.005,1.447,-0.365,0.005
2017-06-08,55.485,56.58,54.417,54.701,69337000,0.014,2.163,-0.784,0.014
2017-06-15,55.059,56.479,54.856,55.289,86689300,-0.008,1.623,0.23,0.008
2017-06-22,55.12,55.275,54.599,55.066,44881100,0.001,0.676,-0.054,0.001
2017-06-29,54.66,55.769,54.363,55.012,52778800,-0.008,1.406,0.352,0.008
2017-07-06,54.734,55.113,53.957,54.667,44593600,0.001,1.156,-0.068,0.001
2017-07-13,54.66,55.052,54.268,54.741,38433500,-0.001,0.784,0.081,0.001
2017-07-20,54.336,55.093,53.923,54.741,53283000,-0.006,1.17,0.406,0.006
2017-07-27,54.491,54.68,52.916,54.248,67602000,0.003,1.765,-0.243,0.003
2017-08-03,54.227,54.64,53.937,54.315,43438200,-0.005,0.703,0.088,0.005
2017-08-10,52.375,53.937,52.267,53.923,51103200,-0.034,1.67,1.548,0.034
2017-08-17,52.296,52.787,51.913,52.739,54367500,-0.002,0.874,0.444,0.002
2017-08-24,51.947,52.651,51.92,52.22,39031300,-0.007,0.73,0.273,0.007
2017-08-31,53.777,54.077,51.913,52.063,54362000,0.035,2.164,-1.713,0.035
2017-09-07,54.453,54.453,53.661,53.941,47242300,0.013,0.792,-0.512,0.013
2017-09-14,54.985,55.06,54.302,54.507,53594700,0.01,0.758,-0.478,0.01
2017-09-21,55.586,55.599,54.384,54.944,51166200,0.011,1.215,-0.642,0.011
2017-09-28,55.832,56.282,55.463,55.722,44742700,0.004,0.819,-0.109,0.004
2017-10-05,56.384,56.48,55.538,55.784,35178600,0.01,0.942,-0.601,0.01
2017-10-12,56.494,56.924,56.091,56.187,32372700,0.002,0.833,-0.307,0.002
2017-10-19,56.774,57.21,56.2,56.214,44054000,0.005,1.01,-0.56,0.005
2017-10-26,57.251,57.504,55.982,56.91,51016000,0.008,1.522,-0.341,0.008
2017-11-02,56.978,57.251,56.562,57.067,41119100,-0.005,0.689,0.089,0.005
2017-11-09,55.436,57.436,55.395,56.862,44858200,-0.027,2.041,1.427,0.027
2017-11-16,55.873,56.086,55.122,55.418,45312200,0.008,0.965,-0.455,0.008
2017-11-23,56.679,56.707,55.818,56.107,32498400,0.014,0.889,-0.572,0.014
2017-11-30,56.686,57.995,56.638,56.803,67725800,0.0,1.357,0.117,0.0
2017-12-07,57.265,57.444,56.61,56.769,53588600,0.01,0.834,-0.496,0.01
2017-12-14,57.092,57.643,56.72,57.203,66343600,-0.003,0.923,0.11,0.003
2017-12-21,57.802,58.119,57.154,57.423,35517300,0.012,0.965,-0.379,0.012
2017-12-28,59.731,59.917,57.623,57.857,41445700,0.033,2.294,-1.874,0.033
2018-01-04,59.304,60.089,59.049,59.793,51791600,-0.007,1.04,0.489,0.007
2018-01-11,60.627,60.771,59.2,59.497,45629300,0.022,1.571,-1.13,0.022
2018-01-18,60.992,61.26,59.669,60.468,53182000,0.006,1.591,-0.524,0.006
2018-01-25,60.144,61.522,59.476,61.005,57914700,-0.014,2.046,0.861,0.014
2018-02-01,53.007,61.488,52.979,60.282,136503100,-0.119,8.508,7.275,0.119
2018-02-08,52.676,53.475,50.913,53.351,103597800,-0.006,2.563,0.675,0.006
2018-02-15,52.122,53.918,52.108,53.326,53257100,-0.011,1.81,1.204,0.011
2018-02-22,52.714,55.588,52.331,52.408,76056700,0.011,3.257,-0.306,0.011
2018-03-01,51.684,53.577,51.197,52.568,84227800,-0.02,2.38,0.884,0.02
2018-03-08,51.224,52.769,51.176,51.851,81801000,-0.009,1.594,0.626,0.009
2018-03-15,52.227,52.644,51.405,51.746,88916800,0.02,1.239,-0.48,0.02
2018-03-22,50.675,52.122,50.577,51.795,86912800,-0.03,1.545,1.121,0.03
2018-03-29,52.108,52.296,50.222,51.036,61895400,0.028,2.074,-1.072,0.028
2018-04-05,53.89,54.315,51.656,52.24,72342800,0.034,2.659,-1.649,0.034
2018-04-12,55.136,55.512,53.598,54.189,57478500,0.023,1.914,-0.947,0.023
2018-04-19,55.331,55.63,53.932,55.205,63063000,0.004,1.698,-0.125,0.004
2018-04-26,53.452,56.305,52.881,55.4,76044700,-0.034,3.424,1.949,0.034
2018-05-03,55.63,55.846,52.477,53.166,71774300,0.041,3.369,-2.464,0.041
2018-05-10,57.085,57.293,56.027,56.124,66479100,0.026,1.267,-0.96,0.026
2018-05-17,57.755,58.106,56.644,57.79,55971700,0.012,1.462,0.035,0.012
2018-05-24,57.298,57.41,54.507,57.192,59194800,-0.008,2.904,-0.105,0.008
2018-05-31,57.691,58.022,56.531,56.812,60326500,0.007,1.49,-0.879,0.007
2018-06-07,57.305,58.908,57.276,58.162,63085600,-0.007,1.631,0.858,0.007
2018-06-14,56.559,57.86,56.039,57.607,62144800,-0.013,1.821,1.048,0.013
2018-06-21,57.445,57.987,55.751,56.257,60668800,0.016,2.236,-1.188,0.016
2018-06-28,57.818,58.732,56.967,57.459,43909500,0.006,1.765,-0.359,0.006
2018-07-05,58.064,59.14,57.41,58.064,43042900,0.004,1.729,0.0,0.004
2018-07-12,57.804,58.879,57.291,58.359,42874300,-0.004,1.589,0.555,0.004
2018-07-19,58.767,58.872,57.073,57.79,46925900,0.017,1.8,-0.977,0.017
2018-07-26,56.517,59.336,56.398,58.936,63366800,-0.038,2.939,2.418,0.038
2018-08-02,56.756,57.361,55.856,56.166,44190300,0.004,1.505,-0.591,0.004
2018-08-09,54.092,56.883,53.789,56.756,57405000,-0.047,3.093,2.665,0.047
2018-08-16,56.795,56.859,54.834,54.891,49140800,0.05,2.024,-1.904,0.05
2018-08-23,57.434,57.562,56.042,56.511,37249200,0.011,1.52,-0.923,0.011
2018-08-30,57.789,57.839,56.539,57.143,40884300,0.006,1.3,-0.646,0.006
2018-09-06,59.046,59.508,56.695,57.612,64004500,0.022,2.813,-1.435,0.022
2018-09-13,60.112,60.211,58.251,59.061,48642100,0.018,1.96,-1.051,0.018
2018-09-20,60.929,62.051,60.034,60.275,73863300,0.014,2.017,-0.653,0.014
2018-09-27,61.191,61.717,60.367,61.149,45007000,0.004,1.35,-0.043,0.004
2018-10-04,60.034,61.71,60.019,60.73,59415700,-0.019,1.69,0.696,0.019
2018-10-11,57.889,59.785,56.83,59.622,68124700,-0.036,2.955,1.733,0.036
2018-10-18,55.133,58.578,55.083,57.675,70572200,-0.048,3.495,2.543,0.048
2018-10-25,56.596,57.072,54.138,55.751,80569900,0.027,2.933,-0.845,0.027
2018-11-01,58.975,59.053,56.326,56.702,71087700,0.042,2.728,-2.273,0.042
2018-11-08,54.969,59.487,54.515,59.046,77924500,-0.068,4.972,4.077,0.068
2018-11-15,55.648,56.94,54.465,55.01,67330700,0.012,2.475,-0.639,0.012
2018-11-22,56.287,56.287,53.596,54.565,46443100,0.011,2.691,-1.722,0.011
2018-11-29,56.99,58.798,56.1,56.122,62251100,0.012,2.698,-0.868,0.012
2018-12-06,54.544,57.657,53.668,55.964,87691200,-0.043,3.989,1.421,0.043
2018-12-13,50.784,55.405,50.44,54.551,82243900,-0.069,4.965,3.767,0.069
2018-12-20,49.248,50.698,46.386,50.289,115161500,-0.03,4.312,1.04,0.03
2018-12-27,50.002,50.131,47.412,48.603,74321800,0.015,2.719,-1.399,0.015
2019-01-03,51.961,52.09,49.048,50.224,65666400,0.039,3.042,-1.736,0.039
2019-01-10,51.401,51.932,50.992,51.709,56847500,-0.011,0.94,0.309,0.011
2019-01-17,51.157,52.585,50.87,51.078,54123700,-0.005,1.715,-0.079,0.005
2019-01-24,51.867,52.068,50.49,51.013,55985000,0.014,1.578,-0.854,0.014
2019-01-31,53.998,54.881,51.674,51.867,81982800,0.041,3.207,-2.131,0.041
2019-02-07,54.709,54.917,52.183,53.776,62627000,0.013,2.734,-0.933,0.013
2019-02-14,56.97,57.173,54.924,55.323,53287800,0.041,2.249,-1.647,0.041
2019-02-21,57.652,57.855,56.303,56.738,52448500,0.012,1.552,-0.914,0.012
2019-02-28,57.514,58.435,56.484,57.637,80486300,-0.002,1.951,0.123,0.002
2019-03-07,58.551,58.588,56.767,57.71,65394100,0.018,1.821,-0.842,0.018
2019-03-14,58.994,59.487,58.109,58.617,72203800,0.008,1.378,-0.377,0.008
2019-03-21,58.283,59.408,57.739,58.624,50666600,-0.012,1.669,0.341,0.012
2019-03-28,58.689,59.451,58.051,58.058,45326800,0.007,1.4,-0.631,0.007
2019-04-04,59.168,60.358,58.595,58.849,47413800,0.008,1.763,-0.319,0.008
2019-04-11,59.074,60.075,58.414,59.154,49607000,-0.002,1.661,0.08,0.002
2019-04-18,59.313,60.568,58.813,59.168,42543600,0.004,1.756,-0.145,0.004
2019-04-25,57.072,60.097,57.035,59.233,66843500,-0.038,3.061,2.162,0.038
2019-05-02,55.744,56.948,54.968,56.789,65759900,-0.023,1.98,1.045,0.023
2019-05-09,55.403,55.773,54.532,55.389,55920100,-0.006,1.241,-0.015,0.006
2019-05-16,55.444,56.464,55.319,56.06,40887100,0.001,1.145,0.616,0.001
2019-05-23,52.949,54.886,52.553,54.864,50271700,-0.045,2.333,1.915,0.045
2019-05-30,53.551,54.05,51.826,52.846,56217200,0.011,2.223,-0.704,0.011
2019-06-06,54.321,55.627,53.998,54.086,45930700,0.014,1.629,-0.235,0.014
2019-06-13,55.268,55.928,54.328,54.813,46766900,0.017,1.6,-0.455,0.017
2019-06-20,56.207,57.058,55.825,55.943,70455100,0.017,1.233,-0.264,0.017
2019-06-27,56.089,57.183,55.334,56.199,50088500,-0.002,1.849,0.11,0.002
2019-07-04,56.875,56.963,55.466,55.906,30697300,0.014,1.497,-0.969,0.014
2019-07-11,55.385,57.146,55.29,56.801,37276100,-0.026,1.856,1.416,0.026
2019-07-18,55.297,55.803,54.431,55.055,47847800,-0.002,1.372,-0.242,0.002
2019-07-25,54.563,55.605,54.49,55.605,43918900,-0.013,1.115,1.042,0.013
2019-08-01,51.731,54.497,50.924,54.108,85103900,-0.052,3.573,2.377,0.052
2019-08-08,49.64,53.132,49.64,51.988,68051000,-0.04,3.493,2.348,0.04
2019-08-15,51.795,51.988,49.425,50.116,55433900,0.043,2.563,-1.679,0.043
2019-08-22,50.279,51.973,49.752,51.936,50826100,-0.029,2.221,1.657,0.029
2019-08-29,51.475,51.713,50.242,50.74,34993800,0.024,1.471,-0.735,0.024
2019-09-05,53.436,54.12,51.78,51.884,57496700,0.038,2.34,-1.553,0.038
2019-09-12,54.098,55.851,52.523,52.731,58012500,0.012,3.328,-1.367,0.012
2019-09-19,53.006,54.372,52.612,54.209,56624300,-0.02,1.761,1.203,0.02
2019-09-26,49.885,53.243,49.781,52.909,51195900,-0.059,3.462,3.024,0.059
2019-10-03,50.101,51.312,49.261,49.774,50645800,0.004,2.05,-0.327,0.004
2019-10-10,50.688,52.003,50.056,50.093,39848100,0.012,1.946,-0.594,0.012
2019-10-17,51.817,51.824,50.227,50.873,51607000,0.022,1.597,-0.943,0.022
2019-10-24,50.309,52.04,49.974,51.973,54555400,-0.029,2.065,1.664,0.029
2019-10-31,53.11,54.32,49.878,50.116,75062900,0.056,4.443,-2.994,0.056
2019-11-07,51.111,54.254,50.963,53.511,59546100,-0.038,3.291,2.4,0.038
2019-11-14,51.149,52.103,50.615,51.773,62164400,0.001,1.489,0.624,0.001
2019-11-21,51.652,52.765,51.066,51.141,60745400,0.01,1.699,-0.511,0.01
2019-11-28,51.615,51.788,50.765,51.374,42393200,-0.001,1.023,-0.241,0.001
2019-12-05,51.848,52.743,51.284,51.795,67247700,0.005,1.459,-0.053,0.005
2019-12-12,52.532,53.036,51.803,51.848,72654700,0.013,1.233,-0.684,0.013
2019-12-19,52.645,53.006,52.058,52.622,66517100,0.002,0.947,-0.023,0.002
2019-12-26,52.464,53.006,51.885,52.773,45197500,-0.003,1.12,0.308,0.003
2020-01-02,52.051,53.66,52.006,52.81,82450600,-0.008,1.654,0.759,0.008
2020-01-09,51.946,52.6,51.6,51.983,64412600,-0.002,1.0,0.038,0.002
2020-01-16,50.517,52.314,50.374,52.103,66500100,-0.028,1.94,1.586,0.028
2020-01-23,48.201,50.322,48.043,50.156,92943000,-0.046,2.278,1.955,0.046
2020-01-30,47.164,48.78,45.029,47.953,144238200,-0.022,3.752,0.789,0.022
2020-02-06,46.066,47.374,44.826,47.314,84873200,-0.023,2.549,1.248,0.023
2020-02-13,46.018,46.842,45.339,46.567,59558100,-0.001,1.502,0.549,0.001
2020-02-20,40.428,46.171,40.367,45.934,133445000,-0.121,5.804,5.506,0.121
2020-02-27,39.978,41.297,36.615,39.436,223375900,-0.011,4.683,-0.541,0.011
2020-03-05,32.016,38.666,31.116,38.453,281757000,-0.199,7.55,6.437,0.199
2020-03-12,25.259,31.002,23.817,30.43,289782300,-0.211,7.184,5.171,0.211
2020-03-19,28.439,29.431,22.963,25.724,301342800,0.126,6.467,-2.715,0.126
2020-03-26,28.622,30.17,27.349,28.599,221653100,0.006,2.822,-0.023,0.006
2020-04-02,33.442,33.587,28.904,29.545,234005200,0.168,4.683,-3.897,0.168
2020-04-09,30.872,35.623,30.033,34.67,153653200,-0.077,5.59,3.798,0.077
2020-04-16,32.13,33.038,29.69,30.872,182479700,0.041,3.348,-1.258,0.041
2020-04-23,36.195,36.302,32.207,32.893,148246800,0.127,4.095,-3.302,0.127
2020-04-30,33.549,36.363,32.199,36.363,151876400,-0.073,4.164,2.814,0.073
2020-05-07,31.978,35.25,31.726,34.289,120662700,-0.047,3.523,2.311,0.047
2020-05-14,35.272,36.252,31.253,31.929,120452200,0.103,4.999,-3.343,0.103
2020-05-21,35.949,36.648,33.78,35.327,75681900,0.019,2.869,-0.622,0.019
2020-05-28,38.281,38.405,34.495,36.096,110340700,0.065,3.91,-2.185,0.065
2020-06-04,39.377,43.039,37.441,38.001,152073400,0.029,5.598,-1.376,0.029
2020-06-11,36.252,38.677,34.79,36.951,143573200,-0.079,3.887,0.7,0.079
2020-06-18,34.596,37.519,34.401,35.848,134487500,-0.046,3.118,1.252,0.046
2020-06-25,33.982,35.28,33.554,34.246,107368000,-0.018,1.726,0.264,0.018
2020-07-02,33.539,35.132,33.305,34.689,76607600,-0.013,1.827,1.151,0.013
2020-07-09,34.697,35.055,31.953,33.352,103637800,0.035,3.102,-1.345,0.035
2020-07-16,33.904,35.132,33.025,34.448,101353700,-0.023,2.107,0.544,0.023
2020-07-23,34.23,34.534,33.406,33.741,86231300,0.01,1.127,-0.49,0.01
2020-07-30,34.091,34.448,31.805,33.531,119950000,-0.004,2.643,-0.56,0.004
2020-08-06,34.277,36.089,33.282,33.741,109051300,0.005,2.807,-0.536,0.005
2020-08-13,33.265,34.779,33.193,34.486,73976100,-0.03,1.586,1.221,0.03
2020-08-20,31.719,33.701,31.711,33.051,117485700,-0.046,1.99,1.332,0.046
2020-08-27,31.069,32.44,30.878,31.711,139648500,-0.02,1.562,0.642,0.02
2020-09-03,30.086,31.735,29.61,31.077,117832200,-0.032,2.125,0.991,0.032
2020-09-10,29.975,30.419,28.706,30.339,141964800,-0.004,1.712,0.365,0.004
2020-09-17,27.263,30.109,27.232,29.61,165456400,-0.09,2.878,2.347,0.09
2020-09-24,27.216,28.461,26.764,27.271,116672700,-0.002,1.697,0.055,0.002
2020-10-01,26.558,27.287,25.535,26.788,143060800,-0.024,1.752,0.23,0.024
2020-10-08,27.073,28.5,26.764,26.859,120293200,0.019,1.736,-0.214,0.019
2020-10-15,26.288,27.462,26.272,26.716,121184500,-0.029,1.189,0.428,0.029
2020-10-22,25.028,27.81,24.988,26.304,159386400,-0.048,2.822,1.276,0.048
2020-10-29,26.344,27.343,24.663,24.901,198821900,0.053,2.68,-1.443,0.053
2020-11-05,28.92,30.133,25.86,26.455,224869000,0.098,4.273,-2.466,0.098
2020-11-12,30.211,31.77,28.311,29.115,156361100,0.045,3.459,-1.096,0.045
2020-11-19,33.134,34.165,29.683,29.927,149830500,0.097,4.482,-3.207,0.097
2020-11-26,32.427,33.239,30.828,33.044,122428600,-0.021,2.411,0.617,0.021
2020-12-03,34.749,35.504,32.257,32.533,151060500,0.072,3.248,-2.216,0.072
2020-12-10,35.48,36.105,34.148,35.074,155543900,0.021,1.957,-0.406,0.021
2020-12-17,33.913,35.756,32.906,35.724,136549700,-0.044,2.85,1.811,0.044
2020-12-24,33.775,34.546,33.45,33.816,76011500,-0.004,1.096,0.041,0.004
2020-12-31,36.219,36.617,33.263,33.669,131071100,0.072,3.353,-2.549,0.072
2021-01-07,39.312,39.548,36.154,36.535,162317900,0.085,3.394,-2.777,0.085
2021-01-14,40.213,41.472,38.395,39.377,125161100,0.023,3.077,-0.836,0.023
2021-01-21,36.82,40.1,36.154,40.051,135092200,-0.084,3.946,3.231,0.084
2021-01-28,38.5,38.703,35.959,37.299,148740400,0.046,2.744,-1.202,0.046
2021-02-04,41.504,42.511,38.362,38.874,151959900,0.078,4.149,-2.631,0.078
2021-02-11,43.638,43.984,40.277,42.019,100298700,0.051,3.707,-1.618,0.051
2021-02-18,46.816,47.064,42.82,43.604,141926400,0.073,4.244,-3.212,0.073
2021-02-25,46.668,47.857,43.86,47.048,167621700,-0.003,3.996,0.38,0.003
2021-03-04,51.003,51.126,47.147,47.163,208946900,0.093,3.98,-3.839,0.093
2021-03-11,49.021,51.647,48.253,51.011,132669200,-0.039,3.394,1.99,0.039
2021-03-18,46.519,48.691,44.959,48.559,215652400,-0.051,3.732,2.039,0.051
2021-03-25,46.098,47.741,45.0,45.586,130856700,-0.009,2.741,-0.512,0.009
2021-04-01,46.726,47.51,46.354,46.503,87770600,0.014,1.156,-0.223,0.014
2021-04-08,47.328,47.898,45.487,46.181,109680500,0.013,2.411,-1.148,0.013
2021-04-15,46.238,47.626,44.835,47.411,105533300,-0.023,2.791,1.172,0.023
2021-04-22,47.981,48.27,45.429,46.23,97030200,0.038,2.84,-1.75,0.038
2021-04-29,50.342,50.408,47.196,48.649,133394800,0.049,3.212,-1.693,0.049
2021-05-06,49.574,52.86,49.335,50.251,161394300,-0.015,3.526,0.677,0.015
2021-05-13,49.408,52.19,48.939,49.425,124346700,-0.003,3.25,0.017,0.003
2021-05-20,49.375,50.12,48.504,49.383,107200300,-0.001,1.617,0.008,0.001
2021-05-27,51.05,51.36,48.604,49.618,104255300,0.034,2.756,-1.432,0.034
2021-06-03,52.483,53.128,50.556,50.724,114264900,0.028,2.572,-1.759,0.028
2021-06-10,53.698,54.284,51.578,53.287,117637900,0.023,2.706,-0.41,0.023
2021-06-17,53.832,54.2,50.464,53.496,147069900,0.002,3.736,-0.335,0.002
2021-06-24,52.843,54.393,52.315,53.739,96031500,-0.018,2.078,0.896,0.018
2021-07-01,50.606,53.966,49.945,53.89,80867800,-0.042,4.021,3.284,0.042
2021-07-08,49.869,51.712,49.685,49.802,99552200,-0.015,2.027,-0.067,0.015
2021-07-15,48.386,50.012,45.739,49.568,128534500,-0.03,4.272,1.181,0.03
2021-07-22,48.772,49.132,47.306,48.361,79686300,0.008,1.826,-0.41,0.008
2021-07-29,47.616,49.702,47.591,49.425,107210900,-0.024,2.111,1.809,0.024
2021-08-05,48.881,49.006,47.607,47.859,82515700,0.027,1.399,-1.022,0.027
2021-08-12,45.563,48.412,45.496,48.085,94382200,-0.068,2.915,2.522,0.068
2021-08-19,47.163,47.495,44.306,45.471,100660300,0.035,3.189,-1.692,0.035
2021-08-26,45.726,47.911,45.581,46.942,90499400,-0.03,2.33,1.216,0.03
2021-09-02,45.964,47.316,45.93,46.168,70244400,0.005,1.386,0.204,0.005
2021-09-09,47.979,48.073,45.326,45.598,99468000,0.044,2.747,-2.381,0.044
2021-09-16,46.95,48.26,45.037,48.013,120850100,-0.021,3.223,1.063,0.021
2021-09-23,50.922,51.432,47.01,47.129,139412300,0.085,4.422,-3.793,0.085
2021-09-30,51.44,53.32,50.012,51.126,144570100,0.01,3.308,-0.315,0.01
2021-10-07,51.934,53.626,51.143,51.542,99012300,0.01,2.483,-0.391,0.01
2021-10-14,54.298,54.315,52.019,52.478,86208300,0.046,2.296,-1.82,0.046
2021-10-21,54.536,56.075,53.022,53.975,96120800,0.004,3.053,-0.561,0.004
2021-10-28,54.366,56.194,54.111,54.272,93921900,-0.003,2.083,-0.094,0.003
2021-11-04,54.587,56.449,54.23,55.004,92939700,0.004,2.22,0.417,0.004
2021-11-11,55.424,56.337,54.484,55.32,82853100,0.015,1.853,-0.103,0.015
2021-11-18,54.709,55.613,51.985,55.295,108033700,-0.013,3.628,0.586,0.013
2021-11-25,51.528,54.416,51.313,52.158,109536400,-0.058,3.103,0.629,0.058
2021-12-02,53.821,54.459,50.968,51.485,108456000,0.044,3.49,-2.336,0.044
2021-12-09,52.804,54.596,51.718,53.476,95159400,-0.019,2.878,0.672,0.019
2021-12-16,52.563,53.821,49.951,52.95,121202400,-0.005,3.87,0.388,0.005
2021-12-23,52.7,53.7,52.071,52.718,51651600,0.003,1.629,0.017,0.003
2021-12-30,57.527,58.268,52.313,52.761,122912000,0.092,5.955,-4.766,0.092
2022-01-06,61.31,61.888,57.802,58.604,133395400,0.066,4.085,-2.706,0.066
2022-01-13,63.008,63.671,60.595,61.293,103328900,0.028,3.077,-1.715,0.028
2022-01-20,63.921,65.499,60.164,62.482,178807600,0.014,5.335,-1.439,0.014
2022-01-27,69.48,70.247,63.732,65.033,187188300,0.087,6.515,-4.447,0.087
2022-02-03,68.084,71.6,67.834,69.023,170138500,-0.02,3.766,0.939,0.02
2022-02-10,68.272,69.989,66.591,68.595,151991500,0.003,3.398,0.322,0.003
2022-02-17,66.896,69.527,65.623,68.386,108466400,-0.02,3.904,1.49,0.02
2022-02-24,70.172,71.584,64.508,68.839,191038500,0.049,7.076,-1.333,0.049
2022-03-03,72.141,79.74,69.388,69.588,265755700,0.028,10.352,-2.553,0.028
2022-03-10,67.035,75.139,66.442,73.204,203180400,-0.071,8.696,6.169,0.071
2022-03-17,72.438,73.431,67.157,68.124,159441200,0.081,6.274,-4.313,0.081
2022-03-24,73.004,74.494,69.501,72.725,112937600,0.008,4.993,-0.279,0.008
2022-03-31,72.891,74.128,71.444,72.211,113923300,-0.002,2.684,-0.68,0.002
2022-04-07,75.644,75.993,72.072,73.048,114539600,0.038,3.921,-2.597,0.038
2022-04-14,76.646,77.457,75.139,75.522,84670700,0.013,2.318,-1.124,0.013
2022-04-21,73.753,78.25,69.091,77.509,152015300,-0.038,9.158,3.756,0.038
2022-04-28,79.905,80.062,73.257,73.962,184772000,0.083,6.805,-5.943,0.083
2022-05-05,75.627,80.21,72.777,80.202,183988100,-0.054,7.433,4.575,0.054
2022-05-12,78.99,80.968,72.673,74.895,129963000,0.044,8.296,-4.095,0.044
2022-05-19,84.773,84.976,78.347,78.347,134662800,0.073,6.629,-6.426,0.073
2022-05-26,86.129,87.837,83.893,85.037,120607100,0.016,3.944,-1.092,0.016
2022-06-02,92.071,92.934,85.205,85.645,130232800,0.069,7.729,-6.426,0.069
2022-06-09,83.532,92.053,82.106,91.041,151863300,-0.093,9.947,7.509,0.093
2022-06-16,77.343,81.983,75.407,81.349,165985600,-0.074,6.576,4.005,0.074
2022-06-23,77.572,82.079,73.523,78.048,146372700,0.003,8.557,0.475,0.003
2022-06-30,73.312,77.361,71.313,75.829,134242800,-0.055,6.048,2.518,0.055
2022-07-07,74.685,76.85,72.942,75.16,98036600,0.019,3.909,0.475,0.019
2022-07-14,78.558,78.919,71.032,72.053,97815800,0.052,7.888,-6.505,0.052
2022-07-21,80.609,80.988,75.011,76.525,87579800,0.026,5.977,-4.085,0.026
2022-07-28,80.125,85.847,79.923,81.146,111275400,-0.006,5.924,1.021,0.006
2022-08-04,80.504,80.803,75.953,79.5,101073400,0.005,4.85,-1.004,0.005
2022-08-11,81.164,83.013,78.928,80.847,82327500,0.008,4.085,-0.317,0.008
2022-08-18,87.623,87.97,81.65,82.797,90733900,0.08,6.32,-4.826,0.08
2022-08-25,84.966,90.272,83.188,87.926,89324000,-0.03,7.084,2.96,0.03
2022-09-01,83.677,86.032,82.033,83.926,70106000,-0.015,4.0,0.249,0.015
2022-09-08,86.815,88.166,83.304,84.139,92920900,0.037,4.862,-2.675,0.037
2022-09-15,80.841,85.81,80.77,85.526,106354000,-0.069,5.04,4.684,0.069
2022-09-22,78.984,82.361,74.566,81.953,102772200,-0.023,7.795,2.969,0.023
2022-09-29,88.103,88.877,77.446,78.379,120126300,0.115,11.431,-9.724,0.115
2022-10-06,87.49,91.837,85.997,87.526,100858300,-0.007,5.84,0.036,0.007
2022-10-13,92.254,92.432,86.575,86.708,86511400,0.054,5.858,-5.546,0.054
2022-10-20,95.232,95.845,91.917,92.725,90590900,0.032,3.929,-2.507,0.032
2022-10-27,97.428,100.361,95.481,96.361,115652500,0.023,4.88,-1.067,0.023
2022-11-03,96.796,101.916,96.272,96.512,84837000,-0.006,5.644,-0.284,0.006
2022-11-10,100.361,101.898,95.614,97.943,94488700,0.037,6.284,-2.418,0.037
2022-11-17,101.796,102.566,96.303,99.717,78079700,0.014,6.263,-2.079,0.014
2022-11-24,99.762,102.692,98.221,102.038,67762800,-0.02,4.471,2.276,0.02
2022-12-01,92.872,100.416,91.725,100.031,90193100,-0.069,8.691,7.159,0.069
2022-12-08,95.389,97.253,92.558,95.228,104742800,0.027,4.695,-0.161,0.027
2022-12-15,96.823,97.298,92.406,94.377,111818200,0.015,4.892,-2.446,0.015
2022-12-22,97.11,98.982,93.275,96.671,47416600,0.003,5.708,-0.439,0.003
2022-12-29,95.712,99.009,93.866,96.76,55538200,-0.014,5.143,1.048,0.014
2023-01-05,99.789,100.344,95.255,95.282,82074300,0.043,5.089,-4.507,0.043
2023-01-12,99.108,102.253,98.92,100.192,60310600,-0.007,3.333,1.084,0.007
2023-01-19,101.437,102.674,93.965,98.624,71525700,0.024,8.709,-2.813,0.024
2023-01-26,102.808,105.532,98.947,102.79,102197700,0.014,6.586,-0.018,0.014
2023-02-02,102.074,103.785,98.409,102.907,93116900,-0.007,5.376,0.833,0.007
2023-02-09,104.0,107.19,102.271,102.701,82636500,0.019,4.919,-1.299,0.019
2023-02-16,99.076,105.441,98.092,104.114,60562100,-0.047,7.35,5.038,0.047
2023-02-23,100.123,100.999,98.435,99.979,68657900,0.011,2.564,-0.144,0.011
2023-03-02,99.302,102.787,98.48,99.88,62729100,-0.008,4.307,0.578,0.008
2023-03-09,91.753,101.333,90.489,100.105,93499800,-0.076,10.844,8.352,0.076
2023-03-16,94.435,96.864,88.503,89.487,149251800,0.029,8.361,-4.948,0.029
2023-03-23,98.381,98.561,91.112,95.13,67860100,0.042,7.449,-3.25,0.042
2023-03-30,105.631,105.64,97.983,98.913,86928900,0.074,7.657,-6.718,0.074
2023-04-06,104.042,105.803,103.085,105.514,51462100,-0.015,2.718,1.472,0.015
2023-04-13,105.252,105.83,103.049,103.473,65309600,0.012,2.781,-1.779,0.012
2023-04-20,104.241,107.347,102.236,103.952,74931200,-0.01,5.11,-0.289,0.01
2023-04-27,97.451,108.277,97.297,104.394,98552500,-0.065,10.979,6.943,0.065
2023-05-04,97.279,100.196,95.627,97.424,69588800,-0.002,4.569,0.144,0.002
2023-05-11,94.643,96.62,92.115,96.15,72354700,-0.027,4.506,1.508,0.027
2023-05-18,97.987,98.825,94.835,95.218,68981900,0.035,3.989,-2.769,0.035
2023-05-25,93.06,97.404,92.659,96.484,63550900,-0.05,4.745,3.424,0.05
2023-06-01,98.843,99.171,92.222,92.668,66528800,0.062,6.949,-6.175,0.062
2023-06-08,95.774,99.398,95.072,99.061,70042200,-0.031,4.326,3.288,0.031
2023-06-15,94.599,97.477,93.005,96.083,90152800,-0.012,4.472,1.485,0.012
2023-06-22,95.992,96.375,92.55,93.661,70983900,0.015,3.825,-2.332,0.015
2023-06-29,97.367,98.779,95.746,96.229,44797300,0.014,3.033,-1.138,0.014
2023-07-06,96.985,98.041,92.495,95.71,80582900,-0.004,5.546,-1.275,0.004
2023-07-13,92.55,96.748,91.274,96.511,113234300,-0.046,5.474,3.962,0.046
2023-07-20,95.71,96.684,93.223,93.387,77228300,0.034,3.461,-2.322,0.034
2023-07-27,95.892,98.233,93.187,96.539,87102800,0.002,5.046,0.647,0.002
2023-08-03,99.781,100.564,95.482,96.438,76956000,0.041,5.082,-3.342,0.041
2023-08-10,96.848,102.067,96.794,100.355,71462300,-0.029,5.273,3.506,0.029
2023-08-17,98.386,101.903,97.073,98.634,65980300,0.016,4.83,0.248,0.016
2023-08-24,101.811,102.05,97.394,97.716,56367000,0.035,4.655,-4.095,0.035
2023-08-31,105.144,106.356,101.572,102.031,63952800,0.033,4.784,-3.113,0.033
2023-09-07,106.916,108.312,104.281,105.272,75533900,0.017,4.031,-1.644,0.017
2023-09-14,106.879,109.12,106.806,107.935,88267200,-0.0,2.314,1.056,0.0
2023-09-21,110.368,110.644,105.227,107.412,74695500,0.033,5.417,-2.957,0.033
2023-09-28,102.38,110.828,101.462,110.166,82936000,-0.072,9.366,7.786,0.072
2023-10-05,97.78,102.903,96.256,100.819,139697200,-0.045,6.648,3.039,0.045
2023-10-12,103.711,104.115,97.413,98.79,123067200,0.061,6.703,-4.922,0.061
2023-10-19,99.708,104.648,99.277,103.5,100436200,-0.039,5.372,3.792,0.039
2023-10-26,96.999,100.874,95.989,98.661,112410300,-0.027,4.885,1.662,0.027
2023-11-02,94.511,100.259,94.474,97.22,114322200,-0.026,5.785,2.709,0.026
2023-11-09,95.181,96.549,94.447,95.191,89912500,0.007,2.103,0.009,0.007
2023-11-16,96.376,98.109,93.726,95.347,95973800,0.013,4.383,-1.029,0.013
2023-11-23,94.829,97.729,94.18,96.385,74925900,-0.016,3.549,1.557,0.016
2023-11-30,91.836,96.812,91.122,95.542,122029000,-0.032,5.689,3.706,0.032
2023-12-07,91.66,93.439,90.325,92.531,120317300,-0.002,3.113,0.871,0.002
2023-12-14,93.837,96.311,92.401,92.521,143196700,0.024,3.91,-1.316,0.024
2023-12-21,94.199,95.468,93.411,94.022,63572600,0.004,2.057,-0.176,0.004
2023-12-28,95.644,96.015,92.308,93.948,81049500,0.015,3.706,-1.696,0.015
2024-01-04,91.446,96.895,90.955,96.441,96295400,-0.044,5.94,4.994,0.044
2024-01-11,89.862,93.263,89.491,91.771,72494800,-0.017,3.771,1.909,0.017
2024-01-18,92.29,92.336,88.741,89.881,94178600,0.027,3.595,-2.409,0.027
2024-01-25,95.264,97.182,92.308,92.948,103250400,0.032,4.874,-2.317,0.032
2024-02-01,94.717,96.376,93.124,95.968,85579700,-0.006,3.252,1.251,0.006
2024-02-08,93.439,97.145,93.05,94.829,94789200,-0.014,4.096,1.39,0.014
2024-02-15,98.057,98.179,94.083,94.083,81989000,0.049,4.096,-3.975,0.049
2024-02-22,97.562,98.6,96.215,97.412,80977900,-0.005,2.385,-0.15,0.005
2024-02-29,99.853,100.601,97.29,97.898,94589700,0.023,3.311,-1.955,0.023
2024-03-07,102.434,103.201,99.694,99.694,81133600,0.026,3.507,-2.74,0.026
2024-03-14,105.67,106.138,102.584,102.715,108154400,0.032,3.554,-2.955,0.032
2024-03-21,107.522,108.279,105.277,105.604,69159600,0.018,3.002,-1.917,0.018
2024-03-28,111.571,111.992,107.606,108.045,68723000,0.038,4.386,-3.526,0.038
2024-04-04,114.283,114.536,110.954,111.337,89243400,0.024,3.582,-2.946,0.024
2024-04-11,110.945,115.733,109.532,114.742,86762400,-0.029,6.2,3.797,0.029
2024-04-18,113.208,113.694,110.327,111.291,77765500,0.02,3.367,-1.917,0.02
2024-04-25,108.513,113.872,108.167,113.189,109501400,-0.041,5.705,4.676,0.041
2024-05-02,108.625,110.673,106.736,108.728,134017400,0.001,3.937,0.103,0.001
2024-05-09,110.898,111.328,108.56,108.672,79596100,0.021,2.768,-2.226,0.021
2024-05-16,108.876,113.034,108.386,111.761,74775300,-0.018,4.648,2.885,0.018
2024-05-23,107.132,110.79,106.359,108.989,56073000,-0.016,4.431,1.857,0.016
2024-05-30,106.651,110.771,104.577,106.792,97586100,-0.004,6.194,0.141,0.004
2024-06-06,104.586,108.329,104.218,106.302,67752200,-0.019,4.111,1.716,0.019
2024-06-13,103.125,104.52,101.993,104.501,66691100,-0.014,2.527,1.377,0.014
2024-06-20,107.867,108.254,103.323,103.624,115873100,0.046,4.931,-4.243,0.046
2024-06-27,108.197,110.064,107.0,108.414,74411100,0.003,3.064,0.217,0.003
2024-07-04,105.519,108.074,104.105,108.056,47712600,-0.025,3.969,2.536,0.025
2024-07-11,110.912,111.421,104.586,105.057,65017000,0.051,6.835,-5.855,0.051
2024-07-18,108.433,113.062,106.604,111.205,67434100,-0.022,6.458,2.772,0.022
2024-07-25,111.808,112.911,108.008,108.584,64757600,0.031,4.903,-3.224,0.031
2024-08-01,109.064,112.657,106.773,111.582,80789700,-0.025,5.883,2.517,0.025
2024-08-08,112.147,113.298,109.112,109.442,63011400,0.028,4.186,-2.706,0.028
2024-08-15,107.339,113.609,107.254,111.487,61437300,-0.043,6.355,4.148,0.043
2024-08-22,110.741,113.487,108.004,108.137,55396400,0.032,5.484,-2.604,0.032
2024-08-29,108.403,112.898,108.327,111.387,52384300,-0.021,4.571,2.984,0.021
2024-09-05,104.278,110.389,102.425,109.363,92799100,-0.038,7.964,5.085,0.038
2024-09-12,108.897,109.895,104.316,104.449,62456400,0.044,5.579,-4.448,0.044
2024-09-19,109.078,112.299,108.384,110.399,90734000,0.002,3.916,1.321,0.002
2024-09-26,115.493,116.728,105.628,105.628,86465100,0.059,11.101,-9.865,0.059
2024-10-03,116.035,120.074,114.809,115.854,77954400,0.005,5.265,-0.181,0.005
2024-10-10,114.675,118.097,113.839,117.051,52544300,-0.012,4.258,2.376,0.012
2024-10-17,114.305,115.55,113.24,114.77,51803000,-0.003,2.309,0.466,0.003
2024-10-24,110.902,114.466,110.703,114.048,59499400,-0.03,3.764,3.146,0.03
2024-10-31,114.999,115.863,109.144,111.34,87661100,0.037,6.719,-3.659,0.037
2024-11-07,115.445,115.997,112.908,115.284,64090800,0.004,3.089,-0.162,0.004
2024-11-14,114.352,115.835,112.337,115.626,69278500,-0.009,3.497,1.274,0.009
2024-11-21,112.743,118.061,112.523,116.02,80485500,-0.014,5.538,3.277,0.014
2024-11-28,109.504,113.759,109.102,112.532,53391000,-0.029,4.657,3.028,0.029
2024-12-05,107.243,110.788,106.467,109.916,102718000,-0.021,4.322,2.673,0.021
2024-12-12,101.973,107.684,101.867,106.927,82574000,-0.049,5.816,4.954,0.049
2024-12-19,101.954,103.171,100.459,102.902,80798900,-0.0,2.712,0.949,0.0
2024-12-26,103.075,103.477,101.101,102.069,45064900,0.011,2.376,-1.006,0.011
2025-01-02,102.462,105.461,101.58,103.755,73031000,-0.006,3.881,1.294,0.006
2025-01-09,106.85,107.061,101.36,104.158,62090200,0.043,5.701,-2.693,0.043
2025-01-16,104.953,108.153,104.828,106.543,65799400,-0.018,3.325,1.591,0.018
2025-01-23,104.129,106.496,102.979,105.7,72096900,-0.008,3.517,1.571,0.008
2025-01-30,105.288,105.93,100.919,104.675,77546100,0.011,5.011,-0.613,0.011
2025-02-06,102.864,107.808,102.701,106.141,66562400,-0.023,5.107,3.277,0.023
2025-02-13,106.636,108.405,102.982,103.591,62218500,0.037,5.424,-3.045,0.037
2025-02-20,105.824,108.686,104.915,106.897,69132700,-0.008,3.77,1.073,0.008
2025-02-27,101.938,108.434,100.226,106.356,97038900,-0.037,8.208,4.418,0.037
2025-03-06,105.505,108.831,100.893,101.928,93480500,0.035,7.937,-3.577,0.035
2025-03-13,111.576,111.973,104.055,104.731,86880400,0.058,7.918,-6.845,0.058
2025-03-20,114.341,115.221,110.416,110.909,97733700,0.025,4.805,-3.432,0.025
2025-03-27,114.728,115.927,113.346,114.177,69666500,0.003,2.581,-0.551,0.003
2025-04-03,102.286,111.615,94.87,110.571,144325500,-0.108,16.745,8.285,0.108
2025-04-10,100.729,102.083,94.551,100.265,101675800,-0.015,7.531,-0.464,0.015
2025-04-17,103.803,105.669,100.661,101.212,62225700,0.031,5.008,-2.591,0.031
2025-04-24,102.121,105.621,100.69,104.383,64848700,-0.016,4.931,2.262,0.016
2025-05-01,101.135,105.379,99.646,101.609,83451800,-0.01,5.733,0.474,0.01
2025-05-08,104.877,106.839,101.841,101.841,73278900,0.037,4.998,-3.036,0.037
2025-05-15,100.217,105.273,100.197,102.953,74994900,-0.044,5.076,2.736,0.044
2025-05-22,99.627,101.891,99.315,100.554,52815000,-0.006,2.576,0.927,0.006
2025-05-29,99.813,102.369,98.73,99.793,94604400,0.002,3.639,-0.02,0.002
2025-06-05,106.652,106.73,99.257,100.476,86782900,0.069,7.474,-6.176,0.069
2025-06-12,110.438,112.438,105.589,106.272,106416300,0.035,6.849,-4.166,0.035
2025-06-19,105.735,114.107,105.081,110.692,105215900,-0.043,9.025,4.956,0.043
2025-06-26,108.35,108.652,104.545,106.291,86935000,0.025,4.108,-2.059,0.025
2025-07-03,111.033,111.677,107.54,108.165,55205000,0.025,4.137,-2.869,0.025
2025-07-10,109.501,112.945,109.374,110.945,61924100,-0.014,3.571,1.444,0.014
2025-07-17,107.257,109.501,104.73,108.779,88502000,-0.02,4.771,1.522,0.02
2025-07-24,109.179,110.253,106.477,106.994,67474000,0.018,3.776,-2.186,0.018
2025-07-31,103.92,109.804,103.491,107.677,92651300,-0.048,6.313,3.756,0.048
2025-08-07,104.984,105.433,102.964,104.535,73524800,0.01,2.468,-0.449,0.01
2025-08-14,105.891,106.672,103.101,104.935,81068700,0.009,3.571,-0.956,0.009
2025-08-21,111.032,111.259,106.315,106.768,68933000,0.049,4.944,-4.264,0.049
2025-08-28,110.205,113.484,109.762,111.15,58914500,-0.007,3.722,0.945,0.007
2025-09-04,110.786,111.407,106.699,110.402,75868700,0.005,4.707,-0.384,0.005
2025-09-11,113.534,113.731,109.181,109.703,66030700,0.025,4.55,-3.831,0.025
2025-09-18,112.815,113.996,109.86,113.415,109111900,-0.006,4.136,0.601,0.006
2025-09-25,110.284,116.557,109.595,112.894,87461000,-0.022,6.962,2.61,0.022
2025-10-02,112.283,113.258,109.339,110.264,62295500,0.018,3.919,-2.019,0.018
2025-10-09,109.91,113.75,109.023,112.687,58434400,-0.021,4.727,2.777,0.021
2025-10-16,112.962,113.425,108.708,110.176,56907000,0.028,4.717,-2.787,0.028
2025-10-23,114.676,115.267,113.061,114.853,58001700,0.015,2.206,0.177,0.015
2025-10-30,111.948,114.745,110.796,114.656,77938200,-0.024,3.949,2.708,0.024
2025-11-06,116.32,118.97,111.909,111.909,74316800,0.039,7.061,-4.412,0.039
2025-11-13,115.562,117.936,114.164,116.823,82118800,-0.007,3.772,1.26,0.007
2025-11-20,114.01,118.222,113.434,117.199,74188700,-0.013,4.788,3.189,0.013
2025-11-27,117.02,117.954,113.931,114.189,51325700,0.026,4.023,-2.831,0.026
2025-12-04,118.748,119.672,114.278,116.722,84744000,0.015,5.394,-2.026,0.015
2025-12-11,116.633,119.563,113.851,118.321,81740900,-0.018,5.712,1.689,0.018
2025-12-18,118.431,119.255,114.864,116.215,89592000,0.015,4.391,-2.215,0.015
2025-12-25,120.189,120.994,117.745,118.103,33999100,0.015,3.248,-2.086,0.015
