Date,Close,High,Low,Open,Volume,Return,High_Low,Open_Close_Diff,Abs_Return,Log_Return
2015-01-01,44.045,48.307,43.697,47.625,47045900,,4.61,3.581,,
2015-01-08,43.537,45.533,42.307,45.088,46895800,-0.012,3.226,1.55,0.012,-0.011600687288154842
2015-01-15,44.872,45.039,42.675,44.225,34895600,0.031,2.364,-0.647,0.031,0.030202840932431446
2015-01-22,43.509,45.991,43.454,45.261,35632700,-0.03,2.538,1.752,0.03,-0.030846178959813127
2015-01-29,45.797,47.25,42.16,43.926,59835200,0.053,5.089,-1.87,0.053,0.051250773545148655
2015-02-05,47.194,47.702,46.089,46.596,40673600,0.031,1.613,-0.598,0.031,0.030048179075810963
2015-02-12,47.09,48.745,47.006,47.444,33647300,-0.002,1.738,0.355,0.002,-0.002206101611719113
2015-02-19,47.461,47.686,45.978,46.428,34896300,0.008,1.708,-1.033,0.008,0.007847656905229601
2015-02-26,45.156,47.011,44.748,47.011,33771500,-0.049,2.263,1.855,0.049,-0.04978515976139238
2015-03-05,43.083,45.037,42.654,44.987,34476800,-0.046,2.383,1.905,0.046,-0.046994673652709124
2015-03-12,44.727,45.198,42.57,43.28,36119900,0.038,2.629,-1.448,0.038,0.03744885836778034
2015-03-19,44.313,45.107,43.891,44.123,39435300,-0.009,1.216,-0.19,0.009,-0.009299258387799238
2015-03-26,44.292,45.086,43.743,44.945,36225400,-0.0,1.342,0.654,0.0,-0.00047401389071059975
2015-04-02,45.55,46.548,43.975,44.074,31827000,0.028,2.572,-1.476,0.028,0.02800654987010532
2015-04-09,48.776,48.958,45.585,45.697,39428400,0.071,3.374,-3.078,0.071,0.06842776489954776
2015-04-16,47.707,49.0,47.18,48.487,35901400,-0.022,1.82,0.78,0.022,-0.02216025095391528
2015-04-23,47.834,48.41,47.089,47.974,25635200,0.003,1.321,0.141,0.003,0.002658546065073391
2015-04-30,47.25,48.515,46.878,48.508,36210700,-0.012,1.638,1.258,0.012,-0.012284029776921414
2015-05-07,45.957,47.461,45.718,47.461,29666100,-0.027,1.743,1.504,0.027,-0.027746477241082996
2015-05-14,45.528,46.541,45.065,46.063,27016300,-0.009,1.476,0.534,0.009,-0.009378655397845999
2015-05-21,45.362,46.734,45.135,46.293,22738500,-0.004,1.599,0.931,0.004,-0.003652771142578598
2015-05-28,45.348,45.824,44.858,45.156,25492100,-0.0,0.967,-0.192,0.0,-0.00030867600289195097
2015-06-04,45.504,45.725,44.573,45.071,28895400,0.003,1.151,-0.434,0.003,0.0034341600254233985
2015-06-11,44.843,45.661,44.559,45.469,23649000,-0.015,1.102,0.625,0.015,-0.014632733665316618
2015-06-18,44.659,45.17,44.161,44.886,30514300,-0.004,1.009,0.227,0.004,-0.004111645755840202
2015-06-25,42.668,44.9,42.427,44.9,29397900,-0.045,2.474,2.232,0.045,-0.04560662999638246
2015-07-02,41.481,43.194,41.282,42.775,27089800,-0.028,1.912,1.294,0.028,-0.02821373368864569
2015-07-09,41.524,42.477,41.318,42.398,26110200,0.001,1.159,0.874,0.001,0.0010360822564083054
2015-07-16,39.683,41.78,39.569,41.659,39571400,-0.044,2.211,1.976,0.044,-0.04534868893351899
2015-07-23,37.601,39.314,35.923,39.164,64776400,-0.052,3.39,1.564,0.052,-0.053892238610610856
2015-07-30,35.383,38.387,35.318,38.17,49262800,-0.059,3.069,2.788,0.059,-0.060799166981270386
2015-08-06,37.126,37.371,34.814,35.217,57201500,0.049,2.557,-1.909,0.049,0.04808605398143253
2015-08-13,34.345,36.773,33.892,36.737,45541700,-0.075,2.881,2.392,0.075,-0.07786108512118653
2015-08-20,31.27,34.648,29.606,34.18,80599900,-0.09,5.042,2.91,0.09,-0.093797276196095
2015-08-27,34.713,35.527,32.019,32.141,80566900,0.11,3.508,-2.572,0.11,0.10445508509256027
2015-09-03,34.468,35.923,33.755,34.936,49988600,-0.007,2.168,0.468,0.007,-0.007082899184789653
2015-09-10,35.635,35.685,33.38,34.576,44946400,0.034,2.305,-1.059,0.034,0.033296943576313465
2015-09-17,34.475,36.672,34.295,35.592,51861500,-0.033,2.377,1.117,0.033,-0.03309387727446843
2015-09-24,34.547,34.965,32.934,34.223,41613000,0.002,2.031,-0.324,0.002,0.0020862920841378386
2015-10-01,39.813,40.612,34.245,35.073,64969700,0.152,6.368,-4.74,0.152,0.1418727763597186
2015-10-08,39.95,40.836,39.157,39.618,38725100,0.003,1.678,-0.331,0.003,0.0034351800890618078
2015-10-15,38.156,40.303,38.106,39.157,38015100,-0.045,2.197,1.001,0.045,-0.045945652929322185
2015-10-22,38.942,40.015,37.044,38.935,36161200,0.021,2.971,-0.007,0.021,0.020390340410467767
2015-10-29,41.132,41.724,37.336,38.103,42858100,0.056,4.388,-3.03,0.056,0.05471304767351468
2015-11-05,39.015,41.789,38.935,40.797,31574700,-0.051,2.855,1.781,0.051,-0.05284021979821953
2015-11-12,39.774,40.205,37.256,38.292,33217800,0.019,2.95,-1.482,0.019,0.01926724491858504
2015-11-19,39.701,40.599,38.307,39.563,31008400,-0.002,2.292,-0.139,0.002,-0.0018370561945236887
2015-11-26,38.365,39.972,38.095,39.3,29877700,-0.034,1.876,0.934,0.034,-0.0342307906631573
2015-12-03,35.387,38.679,34.226,38.555,50222300,-0.078,4.453,3.169,0.078,-0.0808010645743687
2015-12-10,36.029,37.278,34.175,35.211,62091000,0.018,3.103,-0.818,0.018,0.017979648670670922
2015-12-17,35.796,36.109,32.532,36.044,60518200,-0.006,3.577,0.248,0.006,-0.006488014405319077
2015-12-24,34.021,35.927,33.978,35.803,24939100,-0.05,1.949,1.781,0.05,-0.050858174311066186
2015-12-31,33.109,34.876,32.883,33.627,33607700,-0.027,1.993,0.518,0.027,-0.027172832262274654
2016-01-07,28.473,33.306,28.378,32.664,73021000,-0.14,4.928,4.191,0.14,-0.1508488789308061
2016-01-14,25.37,30.539,23.881,28.626,89584300,-0.109,6.658,3.256,0.109,-0.11538889620527422
2016-01-21,26.436,28.889,24.414,25.458,108549700,0.042,4.475,-0.978,0.042,0.0411593439970158
2016-01-28,28.203,28.787,25.983,27.684,84138100,0.067,2.803,-0.518,0.067,0.06470163765631703
2016-02-04,23.611,28.473,23.063,28.108,154356400,-0.163,5.41,4.497,0.163,-0.17771565012969692
2016-02-11,24.757,25.107,22.669,22.8,66976800,0.049,2.438,-1.957,0.049,0.04739557217432205
2016-02-18,24.251,25.531,23.412,25.369,63771600,-0.02,2.119,1.118,0.02,-0.020650423662480648
2016-02-25,26.848,26.863,23.522,24.332,60372600,0.107,3.34,-2.516,0.107,0.10173347663812768
2016-03-03,28.732,31.233,26.723,26.855,90093200,0.07,4.51,-1.876,0.07,0.06782015392775954
2016-03-10,30.806,30.88,28.224,28.599,51823300,0.072,2.656,-2.207,0.072,0.06969799198971066
2016-03-17,29.32,32.668,29.291,31.196,61268800,-0.048,3.377,1.876,0.048,-0.04943959918381515
2016-03-24,29.489,29.99,28.349,28.643,31758700,0.006,1.641,-0.846,0.006,0.005747435433851727
2016-03-31,29.982,30.152,28.099,29.401,44761500,0.017,2.053,-0.581,0.017,0.016579889137820436
2016-04-07,32.065,32.344,29.239,29.747,42426100,0.069,3.105,-2.318,0.069,0.06716789101070314
2016-04-14,34.64,35.066,30.931,32.248,47142900,0.08,4.135,-2.391,0.08,0.07724399109340827
2016-04-21,35.398,35.986,33.727,34.573,53279600,0.022,2.259,-0.824,0.022,0.02164623767432775
2016-04-28,31.939,36.31,31.778,35.412,47667500,-0.098,4.532,3.473,0.098,-0.1028274877756431
2016-05-05,32.138,33.095,30.255,32.771,40465000,0.006,2.84,0.633,0.006,0.006211297026642383
2016-05-12,31.888,32.881,31.52,32.41,42323900,-0.008,1.361,0.522,0.008,-0.007809367149122403
2016-05-19,33.225,33.344,31.131,31.634,31881300,0.042,2.213,-1.591,0.042,0.04107284112887013
2016-05-26,32.604,33.877,31.975,33.61,30656000,-0.019,1.902,1.006,0.019,-0.018867624367098122
2016-06-02,35.142,35.852,32.152,32.374,41785300,0.078,3.7,-2.768,0.078,0.07496201610348927
2016-06-09,32.345,34.883,32.078,34.572,36050800,-0.08,2.805,2.227,0.08,-0.08293754683975163
2016-06-16,32.552,33.566,31.242,31.967,40489900,0.006,2.324,-0.585,0.006,0.0063793612034400305
2016-06-23,32.493,33.773,29.984,33.003,52517300,-0.002,3.789,0.511,0.002,-0.0018141291776790204
2016-06-30,31.005,32.87,30.465,32.352,36167500,-0.046,2.405,1.347,0.046,-0.04687619971986859
2016-07-07,31.723,32.774,30.48,31.301,45482300,0.023,2.294,-0.422,0.023,0.02289348804622511
2016-07-14,31.102,32.204,30.547,32.197,31698900,-0.02,1.658,1.095,0.02,-0.019769844048920474
2016-07-21,29.651,31.235,29.459,30.931,39577700,-0.047,1.776,1.28,0.047,-0.04777627411133143
2016-07-28,30.007,30.454,28.883,29.963,44990400,0.012,1.571,-0.045,0.012,0.011934836089685801
2016-08-04,30.223,31.213,29.524,29.903,38782600,0.007,1.69,-0.32,0.007,0.00717253614524809
2016-08-11,32.159,32.196,30.015,30.365,39461300,0.064,2.181,-1.794,0.064,0.06208912537720895
2016-08-18,31.98,32.524,31.496,32.263,31052300,-0.006,1.027,0.283,0.006,-0.005581641894149372
2016-08-25,30.558,32.226,30.35,31.935,28816300,-0.044,1.876,1.377,0.044,-0.045484190275285594
2016-09-01,30.878,30.893,29.873,30.447,26166600,0.01,1.02,-0.432,0.01,0.010417439089212398
2016-09-08,29.769,32.33,29.687,31.206,55287700,-0.036,2.643,1.437,0.036,-0.03657637261952079
2016-09-15,29.821,30.141,29.032,29.784,35094100,0.002,1.109,-0.037,0.002,0.0017452597146848886
2016-09-22,31.399,31.466,29.032,30.335,42800900,0.053,2.434,-1.065,0.053,0.05156320195841995
2016-09-29,32.687,32.873,31.243,31.243,43332000,0.041,1.63,-1.444,0.041,0.04020140006771909
2016-10-06,32.36,33.528,31.69,32.806,38273900,-0.01,1.839,0.447,0.01,-0.010054353150747292
2016-10-13,31.057,31.816,30.052,31.749,36191100,-0.04,1.764,0.692,0.04,-0.04109886638508175
2016-10-20,31.297,31.933,30.668,30.982,36021600,0.008,1.265,-0.314,0.008,0.007698020501947662
2016-10-27,32.367,34.321,31.559,31.589,62751900,0.034,2.763,-0.779,0.034,0.03361713893015566
2016-11-03,34.239,34.598,31.955,32.539,36957200,0.058,2.643,-1.7,0.058,0.05622596000225996
2016-11-10,33.228,34.247,32.509,34.194,47358000,-0.03,1.737,0.966,0.03,-0.029972451262747467
2016-11-17,34.666,34.958,32.569,33.543,37203800,0.043,2.388,-1.123,0.043,0.04236648554229329
2016-11-24,36.328,36.927,32.816,34.291,43198400,0.048,4.11,-2.037,0.048,0.04682941427653159
2016-12-01,37.361,37.548,35.736,37.541,42014200,0.028,1.812,0.18,0.028,0.028038585802061894
2016-12-08,38.552,39.81,36.627,37.503,39337700,0.032,3.182,-1.048,0.032,0.03138059974031966
2016-12-15,38.544,39.368,37.87,38.275,31842700,-0.0,1.497,-0.27,0.0,-0.00020753346551611557
2016-12-22,38.013,38.889,37.908,38.597,14725700,-0.014,0.981,0.584,0.014,-0.01387223938763461
2016-12-29,38.245,38.642,37.376,37.93,20463400,0.006,1.265,-0.314,0.006,0.006084626288948338
2017-01-05,38.35,38.694,36.964,38.342,28102500,0.003,1.73,-0.007,0.003,0.002741695039435945
2017-01-12,37.638,38.582,37.279,38.559,21341700,-0.019,1.303,0.921,0.019,-0.018740349470604063
2017-01-19,37.953,38.484,37.122,37.586,28683700,0.008,1.363,-0.367,0.008,0.008334373757981134
2017-01-26,36.313,38.2,35.332,37.908,37560800,-0.043,2.868,1.595,0.043,-0.04417274822014202
2017-02-02,37.137,38.17,35.4,36.5,41347200,0.023,2.77,-0.636,0.023,0.02243797333728262
2017-02-09,36.957,37.84,36.852,37.466,32041600,-0.005,0.988,0.509,0.005,-0.004858702569836216
2017-02-16,35.453,37.373,35.401,37.328,37968000,-0.041,1.972,1.874,0.041,-0.041547199016275294
2017-02-23,36.921,37.057,35.16,35.973,36709300,0.041,1.897,-0.948,0.041,0.04057261922663791
2017-03-02,34.558,36.748,34.482,36.598,32412200,-0.064,2.266,2.04,0.064,-0.06614142296737928
2017-03-09,34.505,35.288,33.263,34.332,40136800,-0.002,2.025,-0.173,0.002,-0.0015348308183647337
2017-03-16,33.609,34.896,33.594,34.588,34864000,-0.026,1.302,0.979,0.026,-0.026310352827869237
2017-03-23,34.588,34.671,32.563,33.609,37254000,0.029,2.108,-0.979,0.029,0.028712912853487833
2017-03-30,36.966,37.945,36.59,37.132,74848900,0.069,1.355,0.166,0.069,0.06649177016230477
2017-04-06,37.215,38.103,37.004,37.177,34436800,0.007,1.099,-0.038,0.007,0.006713334551385428
2017-04-13,36.131,37.478,35.995,37.335,26305500,-0.029,1.483,1.204,0.029,-0.029560683205291156
2017-04-20,36.387,37.283,35.604,36.146,31645900,0.007,1.679,-0.241,0.007,0.00706034538827024
2017-04-27,35.438,36.372,34.814,36.003,35674800,-0.026,1.558,0.565,0.026,-0.02642687725897554
2017-05-04,35.837,36.025,34.392,35.213,37862600,0.011,1.633,-0.625,0.011,0.01119618851022041
2017-05-11,34.934,36.379,34.874,35.386,38198400,-0.025,1.505,0.452,0.025,-0.02552031223989704
2017-05-18,35.326,36.257,34.683,34.819,36920000,0.011,1.574,-0.507,0.011,0.011158669727050626
2017-05-25,33.828,35.553,33.373,35.175,41582800,-0.042,2.18,1.347,0.042,-0.04333037481327582
2017-06-01,32.972,34.304,32.73,33.911,43403900,-0.025,1.574,0.939,0.025,-0.025630145468994715
2017-06-08,34.38,35.319,32.564,32.972,48813400,0.043,2.755,-1.408,0.043,0.04181628350372218
2017-06-15,34.024,35.364,33.805,34.335,45871900,-0.01,1.559,0.31,0.01,-0.010408842003370887
2017-06-22,33.275,34.357,33.093,34.055,42092500,-0.022,1.264,0.78,0.022,-0.02225979367015713
2017-06-29,33.426,34.691,33.078,33.351,30847500,0.005,1.612,-0.076,0.005,0.00452767598555814
2017-07-06,32.73,33.54,32.17,33.419,34972100,-0.021,1.37,0.689,0.021,-0.02104195175364439
2017-07-13,33.048,33.139,32.397,32.715,35153900,0.01,0.742,-0.333,0.01,0.009668961581374393
2017-07-20,33.078,33.593,32.2,33.139,36003300,0.001,1.393,0.061,0.001,0.000907358741138216
2017-07-27,34.735,34.986,33.372,33.768,45213800,0.05,1.615,-0.967,0.05,0.0488794153092426
2017-08-03,34.765,35.116,34.027,34.758,37163000,0.001,1.089,-0.008,0.001,0.0008633094061368638
2017-08-10,33.273,34.994,33.136,34.788,29686500,-0.043,1.858,1.516,0.043,-0.04386487626026679
2017-08-17,33.273,33.471,32.191,33.128,30533600,0.0,1.279,-0.145,0.0,0.0
2017-08-24,33.059,33.592,32.305,33.143,25797000,-0.006,1.287,0.084,0.006,-0.006452413389195132
2017-08-31,34.316,34.537,33.113,33.341,23847000,0.038,1.424,-0.975,0.038,0.03731787380919957
2017-09-07,34.697,34.872,33.585,34.194,25509100,0.011,1.287,-0.503,0.011,0.011041510173205003
2017-09-14,36.806,37.164,34.765,34.834,40516700,0.061,2.399,-1.972,0.061,0.059007647479078836
2017-09-21,38.246,38.246,36.471,36.7,30782700,0.039,1.774,-1.546,0.039,0.03837810427777995
2017-09-28,37.553,38.71,37.248,38.421,26672900,-0.018,1.462,0.868,0.018,-0.018285711146586434
2017-10-05,37.773,37.918,37.088,37.667,23751400,0.006,0.83,-0.107,0.006,0.005841293193477104
2017-10-12,37.857,38.215,37.324,37.385,23435300,0.002,0.891,-0.472,0.002,0.0022213416512099687
2017-10-19,38.251,39.292,37.746,37.815,30196700,0.01,1.547,-0.436,0.01,0.010353800382768197
2017-10-26,39.89,40.027,38.121,38.58,34674900,0.043,1.906,-1.309,0.043,0.04195596219566384
2017-11-02,40.977,41.513,39.576,39.859,38736600,0.027,1.937,-1.118,0.027,0.02688526777154903
2017-11-09,38.657,41.076,38.243,40.785,33150000,-0.057,2.833,2.128,0.057,-0.0582830625058188
2017-11-16,38.45,38.848,37.96,38.588,25466500,-0.005,0.888,0.138,0.005,-0.005369175231392495
2017-11-23,38.841,38.948,37.493,38.626,22080400,0.01,1.455,-0.214,0.01,0.010117693792966922
2017-11-30,38.573,40.173,38.527,38.986,33005700,-0.007,1.646,0.413,0.007,-0.00692383989069919
2017-12-07,39.568,40.05,38.343,38.527,24501400,0.026,1.707,-1.041,0.026,0.025468160925139552
2017-12-14,41.536,41.735,39.698,39.736,36225300,0.05,2.037,-1.799,0.05,0.048539810302564476
2017-12-21,42.562,43.159,41.367,41.459,19301100,0.025,1.792,-1.103,0.025,0.024401315328855054
2017-12-28,43.136,43.174,41.972,42.485,16000100,0.013,1.202,-0.651,0.013,0.013396078879361976
2018-01-04,44.139,44.652,42.944,43.189,23339600,0.023,1.707,-0.949,0.023,0.022985830094077835
2018-01-11,45.831,46.122,44.055,44.537,25340900,0.038,2.067,-1.294,0.038,0.037616972667775854
2018-01-18,46.313,46.949,45.287,45.647,25811900,0.011,1.661,-0.666,0.011,0.010461981167653837
2018-01-25,45.027,46.627,44.468,46.512,28373400,-0.028,2.159,1.485,0.028,-0.028160389377062094
2018-02-01,42.592,45.915,41.666,45.172,45239800,-0.054,4.249,2.58,0.054,-0.0555958676295863
2018-02-08,42.5,42.768,38.42,42.585,37390100,-0.002,4.349,0.084,0.002,-0.002162366282329967
2018-02-15,41.374,42.883,41.359,42.829,20811600,-0.026,1.524,1.455,0.026,-0.0268514117095136
2018-02-22,41.805,44.353,41.713,41.767,29334300,0.01,2.64,-0.038,0.01,0.010363285381163679
2018-03-01,41.621,42.344,40.628,41.952,27153500,-0.004,1.717,0.331,0.004,-0.00441110201503499
2018-03-08,41.536,42.652,40.735,41.667,24740100,-0.002,1.917,0.131,0.002,-0.002044326505361324
2018-03-15,43.907,44.33,41.09,41.805,35618100,0.057,3.241,-2.101,0.057,0.05551323959113542
2018-03-22,45.208,46.047,43.145,43.422,51708100,0.03,2.902,-1.786,0.03,0.029200301654781973
2018-03-29,45.847,46.247,43.545,45.215,32304500,0.014,2.702,-0.631,0.014,0.014035703481792967
2018-04-05,48.672,48.71,45.061,46.054,47576200,0.062,3.649,-2.617,0.062,0.05979415026754714
2018-04-12,51.127,51.805,48.371,48.718,47872200,0.05,3.433,-2.409,0.05,0.04920881732532495
2018-04-19,50.08,51.281,49.203,50.719,43185100,-0.02,2.078,0.639,0.02,-0.02069100661036421
2018-04-26,50.38,51.674,49.688,50.611,37598500,0.006,1.986,0.231,0.006,0.005972544132621083
2018-05-03,52.882,53.998,49.511,49.957,40772100,0.05,4.488,-2.925,0.05,0.04846874538635446
2018-05-10,53.767,54.337,52.844,53.467,32025800,0.017,1.493,-0.3,0.017,0.01659687976103958
2018-05-17,53.425,55.427,52.776,54.26,28614400,-0.006,2.651,0.835,0.006,-0.00638109486664697
2018-05-24,52.598,53.193,49.73,52.559,31304200,-0.015,3.463,-0.039,0.015,-0.015600704998120805
2018-05-31,52.467,53.642,51.74,52.235,33969500,-0.002,1.901,-0.232,0.002,-0.0024936956719266213
2018-06-07,53.812,54.87,52.76,52.946,35657000,0.026,2.11,-0.866,0.026,0.025312090088132653
2018-06-14,52.15,54.121,50.403,54.098,40892300,-0.031,3.718,1.948,0.031,-0.03137230917651497
2018-06-21,53.131,53.734,50.078,51.678,36240900,0.019,3.656,-1.453,0.019,0.018636380596895652
2018-06-28,53.765,55.218,52.513,53.564,21381300,0.012,2.705,-0.201,0.012,0.011862135798812635
2018-07-05,54.144,55.651,52.923,54.144,26303600,0.007,2.728,0.0,0.007,0.007024466141268374
2018-07-12,54.376,56.092,53.185,54.77,30307900,0.004,2.906,0.394,0.004,0.004275716060579022
2018-07-19,55.272,55.342,53.711,54.206,29370700,0.016,1.631,-1.067,0.016,0.01634357114215676
2018-07-26,55.732,56.609,54.801,55.274,28616800,0.008,1.808,-0.458,0.008,0.008288037064851591
2018-08-02,55.406,57.246,54.801,55.383,27291300,-0.006,2.445,-0.023,0.006,-0.005866597113383226
2018-08-09,52.636,56.415,52.55,56.035,28321100,-0.05,3.865,3.399,0.05,-0.051287594850067855
2018-08-16,55.88,56.275,52.946,52.985,23284100,0.062,3.329,-2.895,0.062,0.05980623810086692
2018-08-23,57.075,57.23,55.274,55.53,21278000,0.021,1.956,-1.544,0.021,0.02115965802709806
2018-08-30,56.656,57.766,55.911,57.184,17821300,-0.007,1.855,0.528,0.007,-0.007368297046311325
2018-09-06,55.856,56.291,53.877,56.012,25312300,-0.014,2.414,0.155,0.014,-0.014220945006867693
2018-09-13,58.619,58.875,55.197,55.872,24609500,0.049,3.679,-2.747,0.049,0.0482819257503355
2018-09-20,59.977,61.01,58.061,58.286,39005000,0.023,2.949,-1.692,0.023,0.022902279284747706
2018-09-27,60.979,62.275,60.001,60.319,28324400,0.017,2.274,-0.66,0.017,0.016568387208598254
2018-10-04,58.278,62.057,58.216,60.854,28228800,-0.044,3.842,2.577,0.044,-0.045304878958113116
2018-10-11,56.252,58.029,55.825,57.556,34776500,-0.035,2.204,1.304,0.035,-0.03538306764024716
2018-10-18,51.197,57.596,50.659,55.819,35606600,-0.09,6.936,4.622,0.09,-0.09416065942922003
2018-10-25,54.478,55.974,51.61,52.904,36872500,0.064,4.364,-1.574,0.064,0.06211601386909056
2018-11-01,54.579,55.538,52.514,54.712,31242900,0.002,3.024,0.132,0.002,0.0018522429349042192
2018-11-08,49.973,54.798,48.789,54.369,46706500,-0.084,6.009,4.396,0.084,-0.08816633380713948
2018-11-15,51.033,52.007,49.272,49.552,37416600,0.021,2.736,-1.481,0.021,0.020989622719918787
2018-11-22,51.711,51.93,48.641,49.007,23434600,0.013,3.289,-2.704,0.013,0.013198042544808485
2018-11-29,52.156,54.338,50.994,51.797,26810700,0.009,3.344,-0.359,0.009,0.008568702720861845
2018-12-06,50.87,53.87,49.334,50.597,36372500,-0.025,4.536,-0.273,0.025,-0.024965868726552164
2018-12-13,47.76,52.28,47.401,50.753,34387400,-0.061,4.879,2.993,0.061,-0.06308488975032703
2018-12-20,47.931,48.103,44.229,46.973,34523200,0.004,3.873,-0.959,0.004,0.0035740076291975744
2018-12-27,49.397,49.763,46.334,47.253,22210900,0.031,3.429,-2.143,0.031,0.030127216891328433
2019-01-03,51.789,52.023,48.056,49.521,32824800,0.048,3.967,-2.268,0.048,0.047288077897648856
2019-01-10,51.174,53.005,50.916,51.337,29707800,-0.012,2.089,0.164,0.012,-0.011946180937494163
2019-01-17,51.329,53.239,50.667,50.706,24925400,0.003,2.572,-0.623,0.003,0.0030243040328804356
2019-01-24,51.197,52.693,50.566,51.415,29633400,-0.003,2.128,0.218,0.003,-0.002574958019126636
2019-01-31,53.862,54.564,51.361,51.859,31562400,0.052,3.203,-2.003,0.052,0.05074428342382513
2019-02-07,52.826,53.644,50.862,53.286,27783400,-0.019,2.782,0.46,0.019,-0.019421726248997122
2019-02-14,55.313,55.391,52.846,52.846,21643000,0.047,2.544,-2.466,0.047,0.046004468521705026
2019-02-21,54.193,55.594,53.817,54.992,26416300,-0.02,1.777,0.799,0.02,-0.02045621346197311
2019-02-28,53.465,54.851,52.972,54.138,37084500,-0.013,1.879,0.673,0.013,-0.013524514604721363
2019-03-07,52.729,53.551,50.819,53.52,43851600,-0.014,2.732,0.791,0.014,-0.01386164538238773
2019-03-14,52.878,53.629,52.087,52.674,45334600,0.003,1.542,-0.204,0.003,0.002821784519346281
2019-03-21,53.167,54.491,51.195,53.027,31093800,0.005,3.296,-0.141,0.005,0.005450529784033868
2019-03-28,51.288,53.661,51.022,52.768,28565800,-0.035,2.638,1.48,0.035,-0.035981096444656184
2019-04-04,52.432,52.862,50.866,51.335,31777200,0.022,1.996,-1.096,0.022,0.02206028527150276
2019-04-11,51.5,53.41,51.453,52.173,42382400,-0.018,1.957,0.673,0.018,-0.017935284286768365
2019-04-18,50.654,52.784,50.646,51.625,30853100,-0.016,2.137,0.971,0.016,-0.016563606746732972
2019-04-25,49.065,50.615,48.603,50.6,44681400,-0.031,2.012,1.535,0.031,-0.03187225126450059
2019-05-02,48.094,49.566,47.21,48.697,38161600,-0.02,2.357,0.603,0.02,-0.019988520452177933
2019-05-09,48.572,49.237,47.343,47.624,32066900,0.01,1.895,-0.947,0.01,0.00988980398529368
2019-05-16,49.608,50.324,48.641,49.254,26025000,0.021,1.684,-0.354,0.021,0.02110487785600422
2019-05-23,47.319,48.759,46.367,48.656,27481600,-0.046,2.392,1.338,0.046,-0.04724020487412997
2019-05-30,44.911,47.453,44.832,47.264,38398600,-0.051,2.62,2.353,0.051,-0.05222915256596689
2019-06-06,46.068,47.106,45.076,45.147,29489700,0.026,2.03,-0.921,0.026,0.02543581219918105
2019-06-13,46.933,47.437,45.855,46.697,22788800,0.019,1.581,-0.236,0.019,0.018602486951222987
2019-06-20,49.372,49.805,47.02,47.783,36820700,0.052,2.785,-1.589,0.052,0.05066240912379843
2019-06-27,47.602,49.459,47.138,49.239,31399900,-0.036,2.321,1.637,0.036,-0.03650868472026662
2019-07-04,48.161,48.208,46.422,47.358,23801200,0.012,1.786,-0.803,0.012,0.011674787743180062
2019-07-11,47.036,48.751,46.87,48.035,27119100,-0.023,1.88,0.999,0.023,-0.02363629894342624
2019-07-18,47.272,47.956,46.705,47.256,23005000,0.005,1.251,-0.016,0.005,0.0050048880822041114
2019-07-25,46.721,47.923,45.092,47.915,32517200,-0.012,2.831,1.194,0.012,-0.011724411642877576
2019-08-01,42.166,47.67,41.359,45.93,38553000,-0.097,6.311,3.764,0.097,-0.10257953330269436
2019-08-08,40.948,43.866,40.735,42.53,31876200,-0.029,3.132,1.582,0.029,-0.029311240040277218
2019-08-15,41.62,42.941,40.007,40.648,32000700,0.016,2.934,-0.973,0.016,0.016277851907963967
2019-08-22,41.083,42.19,39.643,41.842,26661100,-0.013,2.546,0.759,0.013,-0.012986410333977603
2019-08-29,42.15,42.292,40.126,41.367,22478800,0.026,2.167,-0.783,0.026,0.025640273816353684
2019-09-05,45.234,45.464,41.66,42.379,33334300,0.073,3.804,-2.855,0.073,0.07061433200975546
2019-09-12,47.456,49.995,43.953,44.277,52395200,0.049,6.042,-3.179,0.049,0.047953949497901875
2019-09-19,47.037,48.413,46.104,47.828,46283200,-0.009,2.309,0.791,0.009,-0.008868439909098648
2019-09-26,41.968,46.761,41.913,46.705,29373000,-0.108,4.848,4.737,0.108,-0.11402710292190518
2019-10-03,43.447,43.993,41.359,41.747,30145900,0.035,2.633,-1.7,0.035,0.034634381324004225
2019-10-10,43.186,45.068,43.147,43.494,28056700,-0.006,1.922,0.308,0.006,-0.006025435795882378
2019-10-17,44.819,45.935,42.987,43.632,27698500,0.038,2.948,-1.187,0.038,0.0371157880031421
2019-10-24,43.855,46.19,43.337,45.074,31779700,-0.022,2.853,1.219,0.022,-0.02174341925243698
2019-10-31,45.919,47.274,43.13,43.72,31508000,0.047,4.143,-2.199,0.047,0.045990237367359424
2019-11-07,45.863,47.513,45.592,46.453,27561500,-0.001,1.92,0.59,0.001,-0.0012202829955566131
2019-11-14,47.297,47.449,44.859,46.023,30711900,0.031,2.59,-1.275,0.031,0.030788176764146698
2019-11-21,48.078,48.915,47.178,47.449,38973300,0.017,1.737,-0.629,0.017,0.016377823484694333
2019-11-28,48.309,48.843,46.7,47.497,24025300,0.005,2.143,-0.813,0.005,0.004793186679980119
2019-12-05,49.146,49.576,47.361,48.604,27204000,0.017,2.215,-0.542,0.017,0.017177581057551388
2019-12-12,50.357,51.05,48.899,48.995,29527200,0.025,2.151,-1.363,0.025,0.02434217655203336
2019-12-19,51.528,52.198,50.126,50.182,26413300,0.023,2.072,-1.347,0.023,0.02298771293103616
2019-12-26,51.815,52.381,50.915,51.863,17554500,0.006,1.466,0.048,0.006,0.005554333391591064
2020-01-02,51.744,53.489,51.409,52.014,31724700,-0.001,2.08,0.271,0.001,-0.0013711992414843133
2020-01-09,51.791,52.748,51.226,51.449,26966200,0.001,1.522,-0.343,0.001,0.0009079056015545231
2020-01-16,50.206,52.277,50.062,52.102,22810500,-0.031,2.215,1.896,0.031,-0.03108184752839144
2020-01-23,48.198,50.485,48.023,49.409,28137700,-0.04,2.462,1.211,0.04,-0.04081701504812897
2020-01-30,46.835,48.596,44.963,47.608,47914600,-0.028,3.633,0.773,0.028,-0.028686739758636618
2020-02-06,47.616,48.724,45.584,47.066,29789600,0.017,3.139,-0.55,0.017,0.016538052549532674
2020-02-13,47.218,47.369,45.983,47.082,19405300,-0.008,1.386,-0.135,0.008,-0.00839366338460517
2020-02-20,41.06,47.785,41.012,47.544,43416100,-0.13,6.773,6.484,0.13,-0.13974076423523402
2020-02-27,39.664,41.317,36.206,39.801,62617300,-0.034,5.111,0.136,0.034,-0.03459043629795284
2020-03-05,26.127,39.03,25.285,38.501,92735600,-0.341,13.746,12.373,0.341,-0.4174747129141226
2020-03-12,18.191,25.469,16.723,24.346,83595300,-0.304,8.746,6.155,0.304,-0.3620422960986331
2020-03-19,24.827,26.127,16.851,18.56,86705000,0.365,9.276,-6.267,0.365,0.3110048043536902
2020-03-26,23.768,26.047,22.083,24.972,59896200,-0.043,3.964,1.204,0.043,-0.043591632473462656
2020-04-02,28.631,28.839,24.643,25.076,59606400,0.205,4.197,-3.555,0.205,0.18614990873652157
2020-04-09,25.838,30.476,24.659,30.436,46835700,-0.098,5.818,4.598,0.098,-0.10264377035871845
2020-04-16,28.069,28.623,24.49,25.549,65297500,0.086,4.133,-2.52,0.086,0.08281948797843067
2020-04-23,33.871,34.143,27.828,29.377,49239800,0.207,6.315,-4.494,0.207,0.18789342653038157
2020-04-30,32.49,34.97,30.613,34.167,51842700,-0.041,4.357,1.677,0.041,-0.0416268413659128
2020-05-07,32.009,34.785,31.728,33.702,38614000,-0.015,3.057,1.693,0.015,-0.014915236424649467
2020-05-14,35.782,36.308,30.619,31.551,36337600,0.118,5.689,-4.231,0.118,0.1114278604112714
2020-05-21,36.203,36.568,34.282,35.976,24790700,0.012,2.285,-0.227,0.012,0.011697014658499868
2020-05-28,36.568,36.657,33.747,36.244,36270500,0.01,2.91,-0.324,0.01,0.01003155270331232
2020-06-04,37.208,41.163,35.806,36.211,43483900,0.018,5.357,-0.997,0.018,0.017350250892352734
2020-06-11,35.676,37.022,33.107,34.104,38255300,-0.041,3.914,-1.572,0.041,-0.04204559811783491
2020-06-18,33.221,37.2,33.172,35.279,38105000,-0.069,4.028,2.059,0.069,-0.07129598772389578
2020-06-25,33.018,34.712,32.353,32.953,32059100,-0.006,2.358,-0.065,0.006,-0.006129338774388534
2020-07-02,33.261,34.744,32.661,33.893,21492000,0.007,2.083,0.632,0.007,0.00733267215264753
2020-07-09,33.731,34.379,30.976,32.953,35025400,0.014,3.404,-0.778,0.014,0.014031756374104785
2020-07-16,33.139,34.104,31.802,33.464,30871900,-0.018,2.302,0.324,0.018,-0.017706459304374714
2020-07-23,32.7,33.862,31.603,33.183,28962000,-0.013,2.26,0.483,0.013,-0.013335758624846665
2020-07-30,31.128,31.676,29.392,31.21,42328700,-0.048,2.284,0.082,0.048,-0.04926734222095534
2020-08-06,34.108,34.124,30.579,30.817,36445000,0.096,3.545,-3.291,0.096,0.0914242251975507
2020-08-13,32.462,34.247,32.356,33.69,27963200,-0.048,1.891,1.228,0.048,-0.04946178639692411
2020-08-20,30.751,32.389,30.718,31.979,25248700,-0.053,1.67,1.228,0.053,-0.054147660433923085
2020-08-27,29.785,31.488,29.785,30.923,31164700,-0.031,1.703,1.138,0.031,-0.031917602968305085
2020-09-03,28.213,30.186,27.624,29.499,32797300,-0.053,2.563,1.285,0.053,-0.05422204645336736
2020-09-10,28.721,29.089,26.723,28.189,38362000,0.018,2.366,-0.532,0.018,0.017845697888078892
2020-09-17,26.952,29.842,26.92,28.164,52551000,-0.062,2.923,1.212,0.062,-0.06357105641111058
2020-09-24,26.887,28.442,26.338,26.862,36057600,-0.002,2.104,-0.025,0.002,-0.0024146076851706893
2020-10-01,28.107,28.721,25.749,26.387,33930000,0.045,2.972,-1.719,0.045,0.04437575721807975
2020-10-08,28.27,29.474,27.869,28.246,38293800,0.006,1.605,-0.025,0.006,0.00578251606833797
2020-10-15,25.086,29.04,25.037,27.73,77083900,-0.113,4.004,2.644,0.113,-0.1194912501030161
2020-10-22,23.861,27.508,23.662,25.378,70179700,-0.049,3.846,1.517,0.049,-0.05006459466259505
2020-10-29,25.179,25.477,22.817,23.306,72314400,0.055,2.66,-1.873,0.055,0.05376498682891232
2020-11-05,29.24,30.002,23.853,24.947,76291200,0.161,6.15,-4.293,0.161,0.14952732111277756
2020-11-12,32.472,33.873,27.847,28.676,79429600,0.111,6.025,-3.796,0.111,0.104840544655019
2020-11-19,36.16,37.594,31.809,32.082,70269800,0.114,5.785,-4.078,0.114,0.10757535598737904
2020-11-26,33.127,36.392,32.182,35.969,49827700,-0.084,4.21,2.843,0.084,-0.0876048756817381
2020-12-03,35.389,36.757,32.845,33.193,60880600,0.068,3.912,-2.196,0.068,0.06605237754625759
2020-12-10,35.074,36.674,34.569,35.315,65499200,-0.009,2.105,0.24,0.009,-0.0089409221413944
2020-12-17,33.218,35.447,32.223,35.447,56438800,-0.053,3.224,2.229,0.053,-0.05436821757029361
2020-12-24,33.16,33.541,32.132,33.16,22980500,-0.002,1.409,0.0,0.002,-0.0017475674097130209
2020-12-31,36.061,36.425,32.472,33.077,39639000,0.087,3.953,-2.984,0.087,0.0838676186820781
2021-01-07,38.978,39.508,35.895,36.508,54790100,0.081,3.614,-2.47,0.081,0.07778543545066033
2021-01-14,37.594,40.022,36.906,39.301,78539300,-0.036,3.116,1.707,0.036,-0.036152921205428755
2021-01-21,33.69,37.876,33.326,37.635,53630000,-0.104,4.55,3.945,0.104,-0.1096434057759423
2021-01-28,35.812,36.16,32.903,34.072,51140700,0.063,3.257,-1.74,0.063,0.061081975353448
2021-02-04,39.16,39.782,35.298,36.144,52940800,0.093,4.484,-3.017,0.093,0.08937278489040001
2021-02-11,40.909,41.008,37.47,38.539,37866900,0.045,3.539,-2.37,0.045,0.04369427007899402
2021-02-18,45.726,45.91,39.737,40.984,52298800,0.118,6.173,-4.742,0.118,0.11131697617073183
2021-02-25,44.881,46.429,42.539,45.977,49029700,-0.018,3.889,1.096,0.018,-0.018652521305897857
2021-03-04,49.699,50.134,44.898,45.132,67359600,0.107,5.236,-4.567,0.107,0.10197026956967496
2021-03-11,47.533,51.138,46.437,49.774,44773300,-0.044,4.701,2.242,0.044,-0.04456060551103594
2021-03-18,44.505,47.324,42.263,47.181,71750600,-0.064,5.06,2.676,0.064,-0.06582266425388157
2021-03-25,44.304,46.102,43.133,43.543,43102600,-0.005,2.969,-0.761,0.005,-0.004526575982288828
2021-04-01,43.811,45.199,43.451,44.43,39287000,-0.011,1.748,0.619,0.011,-0.011190039024454866
2021-04-08,44.07,44.798,42.146,43.175,40592300,0.006,2.651,-0.895,0.006,0.005894351449744379
2021-04-15,41.853,44.17,40.022,44.078,40664400,-0.05,4.149,2.225,0.05,-0.05161579989981497
2021-04-22,44.363,44.622,41.117,41.853,36101900,0.06,3.505,-2.509,0.06,0.05824230973552099
2021-04-29,46.37,46.562,42.631,45.166,53769800,0.045,3.931,-1.204,0.045,0.04424690971376768
2021-05-06,46.579,49.632,44.906,46.42,45761900,0.005,4.726,-0.159,0.005,0.004497097380983997
2021-05-13,46.487,49.047,44.806,45.676,45171500,-0.002,4.241,-0.811,0.002,-0.0019770921704635306
2021-05-20,46.714,47.565,46.048,46.908,36010500,0.005,1.517,0.194,0.005,0.004871202001394862
2021-05-27,49.723,50.077,46.461,46.975,29276400,0.064,3.616,-2.748,0.064,0.062423697099164364
2021-06-03,50.305,51.316,49.361,49.496,34562200,0.012,1.956,-0.809,0.012,0.011636873029564853
2021-06-10,51.527,52.075,49.968,51.426,42838800,0.024,2.107,-0.101,0.024,0.02400146638786813
2021-06-17,51.215,52.555,48.45,51.333,55414400,-0.006,4.105,0.118,0.006,-0.0060734842433842005
2021-06-24,51.333,52.05,49.597,51.392,37917500,0.002,2.453,0.059,0.002,0.002301362329445105
2021-07-01,49.74,53.584,49.42,52.842,39211200,-0.031,4.164,3.102,0.031,-0.03152438184268434
2021-07-08,48.611,51.089,48.332,49.099,38588300,-0.023,2.756,0.489,0.023,-0.022959595630706948
2021-07-15,48.063,49.074,44.522,48.046,49606900,-0.011,4.552,-0.017,0.011,-0.011337192411864736
2021-07-22,47.81,48.341,46.141,48.063,39676400,-0.005,2.2,0.253,0.005,-0.005277827694674939
2021-07-29,46.655,49.127,46.298,48.77,40953800,-0.024,2.828,2.115,0.024,-0.024454719952026777
2021-08-05,48.575,48.719,46.757,47.105,29876200,0.041,1.962,-1.469,0.041,0.04032889257751848
2021-08-12,45.466,48.906,45.406,48.532,32739200,-0.064,3.499,3.066,0.064,-0.06614420138634934
2021-08-19,47.581,47.895,43.665,44.735,38767500,0.047,4.23,-2.845,0.047,0.04546872801093006
2021-08-26,46.417,48.532,46.222,47.351,36417000,-0.024,2.31,0.934,0.024,-0.024767750446040817
2021-09-02,46.952,48.396,46.876,46.935,26512300,0.012,1.52,-0.017,0.012,0.01146003181398935
2021-09-09,50.384,50.503,46.57,46.842,38444200,0.073,3.933,-3.542,0.073,0.07054786110263547
2021-09-16,52.881,53.416,47.819,50.35,62192300,0.05,5.597,-2.531,0.05,0.04837044174725726
2021-09-23,57.79,58.3,52.872,52.872,62082700,0.093,5.427,-4.918,0.093,0.08877164422376055
2021-09-30,60.992,61.884,57.518,57.943,63635300,0.055,4.366,-3.049,0.055,0.05392695770205036
2021-10-07,62.198,64.143,59.973,61.162,49570100,0.02,4.17,-1.036,0.02,0.019580136855599017
2021-10-14,64.568,64.636,61.867,63.099,37110800,0.038,2.769,-1.469,0.038,0.037396087134735294
2021-10-21,63.217,66.233,62.946,64.254,35401500,-0.021,3.287,1.036,0.021,-0.021145679698096203
2021-10-28,62.153,64.435,61.734,63.546,45423500,-0.017,2.7,1.393,0.017,-0.01697416521847199
2021-11-04,62.375,65.921,62.264,63.23,36053300,0.004,3.657,0.854,0.004,0.003565466966179701
2021-11-11,61.495,63.17,61.094,62.632,34375200,-0.014,2.076,1.136,0.014,-0.014208683377308937
2021-11-18,63.939,64.503,59.308,61.623,39134500,0.04,5.195,-2.316,0.04,0.03897363315283761
2021-11-25,59.128,63.828,59.086,60.265,45244500,-0.075,4.742,1.136,0.075,-0.07822491836462568
2021-12-02,63.324,64.905,58.308,59.12,36056500,0.071,6.596,-4.204,0.071,0.06855981872894545
2021-12-09,60.419,63.196,58.676,63.196,31770600,-0.046,4.52,2.777,0.046,-0.04696077920096116
2021-12-16,60.735,62.427,56.445,61.29,51566200,0.005,5.981,0.555,0.005,0.005216513141664223
2021-12-23,62.307,63.161,60.205,60.914,15201500,0.026,2.956,-1.393,0.026,0.025553640879873746
2021-12-30,64.64,66.878,61.247,62.444,30787800,0.037,5.631,-2.196,0.037,0.036759635180732164
2022-01-06,72.316,72.436,65.89,66.678,44893900,0.119,6.546,-5.638,0.119,0.1122119906069282
2022-01-13,74.784,76.352,71.279,71.922,32913600,0.034,5.072,-2.862,0.034,0.03355855353667957
2022-01-20,74.595,76.42,67.501,73.73,45769900,-0.003,8.92,-0.865,0.003,-0.0025304775216360123
2022-01-27,79.008,79.351,74.475,76.215,46954100,0.059,4.875,-2.793,0.059,0.0574756323279574
2022-02-03,79.642,81.339,76.66,79.496,48169100,0.008,4.678,-0.146,0.008,0.007992478726438606
2022-02-10,77.294,80.825,75.169,79.034,39238800,-0.029,5.655,1.739,0.029,-0.02992525897204149
2022-02-17,75.978,79.957,74.419,77.64,30040100,-0.017,5.537,1.662,0.017,-0.017172508220639822
2022-02-24,84.426,86.088,73.446,77.502,67789800,0.111,12.641,-6.924,0.111,0.10543158633764736
2022-03-03,82.85,89.937,79.879,83.703,63358600,-0.019,10.058,0.853,0.019,-0.018843667161601803
2022-03-10,81.653,87.027,79.5,83.771,45857500,-0.014,7.526,2.118,0.014,-0.0145531829387913
2022-03-17,89.877,90.437,83.108,83.229,47181600,0.101,7.328,-6.648,0.101,0.09596350798917924
2022-03-24,87.061,92.589,84.254,90.394,37164200,-0.031,8.336,3.333,0.031,-0.03183304653350988
2022-03-31,84.246,88.487,83.624,86.371,33046600,-0.032,4.863,2.125,0.032,-0.032867932028889844
2022-04-07,86.57,89.23,83.702,85.274,34239900,0.028,5.528,-1.296,0.028,0.0272122448671222
2022-04-14,88.677,89.921,86.233,86.535,22595700,0.024,3.688,-2.142,0.024,0.02404721944887467
2022-04-21,80.377,89.619,76.672,89.066,37423800,-0.094,12.947,8.689,0.094,-0.09827248906910574
2022-04-28,89.705,89.99,78.77,80.36,39016600,0.116,11.22,-9.345,0.116,0.1097984432638964
2022-05-05,85.542,93.03,82.89,90.335,44054500,-0.046,10.14,4.794,0.046,-0.04751902547146877
2022-05-12,90.24,93.54,82.458,85.032,37319400,0.055,11.081,-5.208,0.055,0.05346530434986981
2022-05-19,96.476,96.762,88.347,88.347,35714800,0.069,8.416,-8.129,0.069,0.0668214849998455
2022-05-26,100.423,102.367,96.58,97.717,37472800,0.041,5.787,-2.707,0.041,0.04009699193771696
2022-06-02,105.724,107.65,98.133,99.131,31608100,0.053,9.517,-6.594,0.053,0.051440660125681464
2022-06-09,94.853,105.655,93.344,104.649,38877800,-0.103,12.311,9.795,0.103,-0.10850360004443489
2022-06-16,80.738,92.147,79.35,91.105,58042600,-0.149,12.797,10.368,0.149,-0.1611189805200237
2022-06-23,79.35,84.547,75.706,81.336,51716500,-0.017,8.841,1.987,0.017,-0.017340897276116214
2022-06-30,72.866,80.709,70.33,77.43,44368400,-0.082,10.378,4.564,0.082,-0.08524630907077564
2022-07-07,72.665,76.818,71.353,75.358,29482000,-0.003,5.465,2.693,0.003,-0.0027622998235084847
2022-07-14,79.31,79.756,68.459,69.797,36242100,0.091,11.296,-9.513,0.091,0.08750438601709451
2022-07-21,81.548,82.344,75.952,76.372,33440100,0.028,6.391,-5.176,0.028,0.027827579839664152
2022-07-28,79.843,85.613,79.065,82.379,29086100,-0.021,6.549,2.536,0.021,-0.021129597487311597
2022-08-04,83.917,85.054,76.94,81.084,31549800,0.051,8.114,-2.833,0.051,0.049766008669729446
2022-08-11,88.621,90.02,85.264,85.788,32022200,0.056,4.756,-2.833,0.056,0.05454063472487452
2022-08-18,97.064,97.275,89.775,90.153,34274400,0.095,7.5,-6.912,0.095,0.09100170490738684
2022-08-25,96.125,101.412,94.017,97.881,32752100,-0.01,7.395,1.757,0.01,-0.009721126923763751
2022-09-01,93.762,98.364,92.006,94.658,26975500,-0.025,6.359,0.896,0.025,-0.02488977116658889
2022-09-08,103.379,103.976,93.622,94.272,35876100,0.103,10.355,-9.107,0.103,0.09764219001100963
2022-09-15,97.565,102.949,96.116,101.122,42679500,-0.056,6.833,3.557,0.056,-0.057883024123266805
2022-09-22,90.46,99.989,86.473,99.418,41834400,-0.073,13.516,8.958,0.073,-0.0756110584972649
2022-09-29,103.28,104.465,88.99,90.505,38459600,0.142,15.475,-12.775,0.142,0.13253598248869006
2022-10-06,103.609,108.117,100.857,102.264,35469600,0.003,7.261,-1.345,0.003,0.003180452100663562
2022-10-13,107.895,109.944,101.944,102.006,34638700,0.041,8.0,-5.889,0.041,0.04053433334837873
2022-10-20,112.759,114.193,108.304,109.133,33217100,0.045,5.889,-3.626,0.045,0.04409426582611095
2022-10-27,112.705,115.806,110.478,113.766,36918700,-0.0,5.327,1.06,0.0,-0.0004790121796165495
2022-11-03,111.592,123.378,111.262,115.476,42864500,-0.01,12.116,3.884,0.01,-0.00992442284398948
2022-11-10,115.138,120.875,111.868,114.122,38035500,0.032,9.007,-1.016,0.032,0.031282046148798204
2022-11-17,113.342,117.482,108.933,114.102,31123000,-0.016,8.549,0.76,0.016,-0.015721612332125955
2022-11-24,110.453,114.263,108.423,113.476,21590600,-0.025,5.84,3.023,0.025,-0.02581970549776098
2022-12-01,102.736,112.117,102.029,111.491,28241000,-0.07,10.088,8.755,0.07,-0.07242750005715269
2022-12-08,100.938,105.427,98.13,105.338,31954800,-0.017,7.297,4.4,0.017,-0.017656124086614215
2022-12-15,103.988,104.336,97.486,99.838,39786600,0.03,6.85,-4.149,0.03,0.029769040903592812
2022-12-22,103.12,106.474,98.228,103.782,18002700,-0.008,8.245,0.662,0.008,-0.00838214923773922
2022-12-29,101.991,106.373,99.399,103.242,17404100,-0.011,6.974,1.251,0.011,-0.011008784533741154
2023-01-05,106.4,108.578,102.162,102.162,23635800,0.043,6.416,-4.238,0.043,0.0423210028103531
2023-01-12,106.679,111.322,106.049,106.535,19799900,0.003,5.273,-0.144,0.003,0.002618748534063343
2023-01-19,108.317,110.836,104.618,105.779,22315300,0.015,6.218,-2.538,0.015,0.015237787622428086
2023-01-26,105.914,113.734,103.664,110.045,28393600,-0.022,10.069,4.13,0.022,-0.0224346690054922
2023-02-02,99.696,103.836,96.043,102.126,50635600,-0.059,7.793,2.43,0.059,-0.060501888256677176
2023-02-09,100.47,103.817,98.85,99.534,37077500,0.008,4.967,-0.936,0.008,0.00773361967235668
2023-02-16,94.075,100.972,93.063,100.221,32956500,-0.064,7.909,6.146,0.064,-0.06576683899472197
2023-02-23,96.036,97.329,93.307,95.81,33979500,0.021,4.022,-0.226,0.021,0.0206307846934084
2023-03-02,96.922,99.064,95.594,95.874,28284600,0.009,3.471,-1.048,0.009,0.009183410138237426
2023-03-09,86.085,98.748,84.593,97.546,37046400,-0.112,14.155,11.461,0.112,-0.11857135108271151
2023-03-16,88.914,91.372,82.731,83.165,47506100,0.033,8.641,-5.749,0.033,0.032334430207661025
2023-03-23,90.161,90.658,84.295,89.04,31690300,0.014,6.363,-1.121,0.014,0.013927350626994349
2023-03-30,97.995,99.26,89.919,91.502,36796500,0.087,9.34,-6.494,0.087,0.08331949589773252
2023-04-06,97.795,99.214,95.94,97.222,22382900,-0.002,3.274,-0.573,0.002,-0.002043005971342284
2023-04-13,95.731,100.06,94.13,98.168,30953800,-0.021,5.93,2.437,0.021,-0.02133127603960741
2023-04-20,91.374,94.767,90.629,94.085,25497200,-0.046,4.138,2.71,0.046,-0.046581200852265005
2023-04-27,87.391,94.339,87.036,91.356,31665000,-0.044,7.303,3.965,0.044,-0.04456867156676591
2023-05-04,91.374,93.448,87.136,87.491,27647600,0.046,6.312,-3.883,0.046,0.0445686715667659
2023-05-11,91.593,92.275,88.601,89.928,26350100,0.002,3.674,-1.664,0.002,0.002393875448405172
2023-05-18,95.054,96.608,90.73,91.599,27691100,0.038,5.878,-3.456,0.038,0.03709030161710528
2023-05-25,90.776,94.021,90.712,93.189,40140500,-0.045,3.309,2.413,0.045,-0.046050217674430974
2023-06-01,95.813,96.425,89.935,91.023,24420300,0.055,6.491,-4.79,0.055,0.05400344165549471
2023-06-08,93.857,96.508,92.723,95.85,25185600,-0.02,3.785,1.993,0.02,-0.02062602778605932
2023-06-15,94.798,96.425,92.348,94.058,29610300,0.01,4.077,-0.74,0.01,0.009975964633893244
2023-06-22,93.71,94.049,91.078,93.829,25757600,-0.011,2.971,0.119,0.011,-0.011543404856284675
2023-06-29,95.662,96.563,93.63,94.273,17649200,0.021,2.934,-1.389,0.021,0.020616238278167734
2023-07-06,100.527,100.766,91.367,94.54,31681200,0.051,9.399,-5.987,0.051,0.04960520271989501
2023-07-13,100.683,102.78,97.612,101.061,24679500,0.002,5.168,0.377,0.002,0.0015506190672178203
2023-07-20,107.443,107.728,101.346,101.621,23329900,0.067,6.382,-5.821,0.067,0.06498350718557129
2023-07-27,106.303,108.749,105.456,107.912,19719400,-0.011,3.292,1.609,0.011,-0.01066696742374533
2023-08-03,107.084,109.291,102.357,105.677,26949200,0.007,6.934,-1.407,0.007,0.007320066240035248
2023-08-10,105.429,108.565,105.355,106.946,19595400,-0.015,3.21,1.517,0.015,-0.01557583262532691
2023-08-17,106.968,110.016,105.167,107.606,17914900,0.015,4.849,0.637,0.015,0.014491983734816964
2023-08-24,109.638,109.859,105.98,106.396,16131600,0.025,3.879,-3.242,0.025,0.024654305438147867
2023-08-31,113.674,115.448,109.084,110.072,21243700,0.037,6.364,-3.602,0.037,0.03615067291285122
2023-09-07,112.972,114.542,110.672,113.6,20533100,-0.006,3.87,0.628,0.006,-0.006194702266064622
2023-09-14,111.919,116.408,111.818,114.071,29707800,-0.009,4.591,2.152,0.009,-0.009364605033528305
2023-09-21,113.693,114.459,109.684,112.714,21971700,0.016,4.775,-0.979,0.016,0.01572643797417832
2023-09-28,105.203,115.396,103.662,114.05,25493200,-0.075,11.734,8.847,0.075,-0.07761001633067817
2023-10-05,111.432,113.474,104.145,104.442,27818800,0.059,9.329,-6.99,0.059,0.05752272237845966
2023-10-12,117.512,118.116,111.822,112.397,22213800,0.055,6.294,-5.115,0.055,0.05312591664338341
2023-10-19,111.775,118.218,110.253,116.677,25425100,-0.049,7.965,4.901,0.049,-0.050052533909069316
2023-10-26,108.304,111.181,108.09,110.216,30065400,-0.031,3.091,1.912,0.031,-0.031545834353792594
2023-11-02,106.243,114.412,105.797,109.418,30990400,-0.019,8.615,3.175,0.019,-0.01921316448500444
2023-11-09,106.781,108.434,105.871,107.357,22289200,0.005,2.562,0.576,0.005,0.0050510847965757515
2023-11-16,107.152,108.766,102.608,105.901,24857900,0.003,6.158,-1.25,0.003,0.0034683790898711827
2023-11-23,106.331,108.756,105.724,107.189,16983100,-0.008,3.032,0.858,0.008,-0.007691516865390955
2023-11-30,103.112,109.195,102.384,107.45,33054200,-0.03,6.811,4.338,0.03,-0.03074109419982512
2023-12-07,104.353,105.08,102.347,103.858,34239700,0.012,2.734,-0.494,0.012,0.011963606408529457
2023-12-14,108.868,110.968,105.192,105.379,63497700,0.043,5.775,-3.489,0.043,0.04235675667967665
2023-12-21,110.548,111.621,107.553,108.691,14783700,0.015,4.068,-1.857,0.015,0.015313676587745465
2023-12-28,111.891,112.124,108.047,109.773,16925300,0.012,4.077,-2.118,0.012,0.012075367350444568
2024-01-04,103.728,113.113,103.401,112.526,27026500,-0.073,9.712,8.798,0.073,-0.0757530946962344
2024-01-11,100.36,105.771,99.436,104.129,21304000,-0.032,6.335,3.769,0.032,-0.03300836693441826
2024-01-18,102.319,102.645,98.68,100.145,26894800,0.02,3.965,-2.174,0.02,0.019331662464247563
2024-01-25,104.371,106.667,101.936,102.44,26528300,0.02,4.73,-1.931,0.02,0.0198564751208986
2024-02-01,104.791,105.631,101.964,104.81,25263600,0.004,3.667,0.019,0.004,0.004016031253263999
2024-02-08,102.739,107.562,101.545,105.528,33061000,-0.02,6.018,2.79,0.02,-0.019776098652256508
2024-02-15,105.304,106.051,101.545,101.731,29773500,0.025,4.506,-3.573,0.025,0.02465961343873159
2024-02-22,105.276,106.488,103.453,105.295,25701200,-0.0,3.035,0.019,0.0,-0.0002659321888595598
2024-02-29,105.229,108.555,104.158,105.717,28731200,-0.0,4.397,0.489,0.0,-0.00044654522012289427
2024-03-07,110.453,111.449,104.947,104.984,29562600,0.05,6.502,-5.469,0.05,0.048451163394721095
2024-03-14,114.55,114.973,111.571,111.975,38232500,0.037,3.401,-2.575,0.037,0.03642131779065918
2024-03-21,119.182,119.351,114.334,114.7,26007300,0.04,5.018,-4.482,0.04,0.039640327617674054
2024-03-28,123.683,124.031,119.06,120.272,16370800,0.038,4.971,-3.411,0.038,0.03707010417264782
2024-04-04,124.801,125.929,123.1,124.153,20144200,0.009,2.828,-0.648,0.009,0.008998628033911351
2024-04-11,120.582,127.019,119.849,124.538,21251700,-0.034,7.169,3.956,0.034,-0.03439044930144252
2024-04-18,121.475,122.631,119.276,120.958,19388100,0.007,3.354,-0.517,0.007,0.007378460869671525
2024-04-25,116.833,122.875,115.969,121.87,23819200,-0.038,6.906,5.036,0.038,-0.0389629155565486
2024-05-02,115.63,117.66,113.582,117.19,27657400,-0.01,4.078,1.56,0.01,-0.010350126594547647
2024-05-09,113.413,116.73,111.496,115.565,28650900,-0.019,5.234,2.152,0.019,-0.019359414969731623
2024-05-16,111.761,115.468,111.004,113.803,19492700,-0.015,4.463,2.043,0.015,-0.014673360517294948
2024-05-23,108.981,112.933,107.619,112.366,24729900,-0.025,5.314,3.385,0.025,-0.025189107545395144
2024-05-30,106.125,110.201,105.246,109.406,43676700,-0.026,4.955,3.281,0.026,-0.02655591047693722
2024-06-06,106.087,108.716,105.104,105.69,27870200,-0.0,3.612,-0.397,0.0,-0.00035813243743187457
2024-06-13,103.459,106.068,102.579,105.908,23074100,-0.025,3.489,2.449,0.025,-0.025084113236657588
2024-06-20,107.43,109.681,103.317,103.638,51664700,0.038,6.364,-3.792,0.038,0.0376640737210293
2024-06-27,108.527,109.369,106.957,107.799,21126300,0.01,2.411,-0.728,0.01,0.010159517270820886
2024-07-04,106.409,108.48,104.47,108.3,15716000,-0.02,4.009,1.891,0.02,-0.019708830152795984
2024-07-11,109.766,111.014,105.87,106.409,26580800,0.032,5.144,-3.357,0.032,0.031060667410069614
2024-07-18,105.057,111.959,104.083,109.974,29211300,-0.043,7.877,4.917,0.043,-0.04384776719980011
2024-07-25,105.151,106.286,102.485,104.962,32669200,0.001,3.801,-0.189,0.001,0.0008943523202315406
2024-08-01,101.113,106.551,96.707,106.333,41785000,-0.038,9.844,5.22,0.038,-0.03915870900811308
2024-08-08,103.383,104.234,101.104,101.407,29330800,0.022,3.13,-1.976,0.022,0.022201835180622534
2024-08-15,104.407,107.388,103.674,104.464,25256900,0.01,3.715,0.057,0.01,0.009856184509742913
2024-08-22,106.817,109.56,104.207,104.388,21950700,0.023,5.353,-2.429,0.023,0.022820366879667278
2024-08-29,103.397,109.664,103.283,107.607,23451100,-0.032,6.381,4.21,0.032,-0.03254114177512077
2024-09-05,97.692,104.188,96.483,104.026,29703900,-0.055,7.705,6.334,0.055,-0.05675627573393518
2024-09-12,103.454,104.702,97.292,97.835,37628200,0.059,7.41,-5.619,0.059,0.05730739708643262
2024-09-19,100.702,106.426,100.664,105.245,64052200,-0.027,5.762,4.543,0.027,-0.02696140896579579
2024-09-26,105.112,106.331,97.311,98.102,37225000,0.044,9.02,-7.01,0.044,0.0428607878390431
2024-10-03,105.693,110.56,104.34,105.436,29679300,0.006,6.219,-0.257,0.006,0.005512217178125023
2024-10-10,100.159,107.464,100.045,106.331,26939300,-0.052,7.42,6.172,0.052,-0.0537797422412573
2024-10-17,99.54,101.759,98.73,100.311,23059100,-0.006,3.029,0.771,0.006,-0.006199349845980488
2024-10-24,98.083,100.416,96.673,100.007,21989100,-0.015,3.743,1.924,0.015,-0.014745514434594797
2024-10-31,108.226,109.407,100.959,101.883,38575800,0.103,8.448,-6.343,0.103,0.09840757429878216
2024-11-07,106.502,108.569,104.293,108.493,25713500,-0.016,4.276,1.991,0.016,-0.016057868978722564
2024-11-14,108.791,109.779,106.796,107.985,22795600,0.021,2.983,-0.806,0.021,0.021264846096197318
2024-11-21,102.998,110.661,100.61,109.596,61810400,-0.053,10.051,6.599,0.053,-0.05471903984668432
2024-11-28,99.276,104.292,98.624,103.343,23012000,-0.036,5.668,4.067,0.036,-0.036805720569339916
2024-12-05,98.01,101.54,97.531,100.782,33023100,-0.013,4.009,2.772,0.013,-0.012834335714957587
2024-12-12,91.93,98.423,91.834,98.193,37442500,-0.062,6.589,6.263,0.062,-0.06404209640542524
2024-12-19,93.138,93.215,90.376,93.023,50063100,0.013,2.839,-0.115,0.013,0.013054846396698013
2024-12-26,95.114,95.239,92.208,93.157,21010500,0.021,3.031,-1.957,0.021,0.020993907903661655
2025-01-02,97.464,98.298,95.45,95.91,26968900,0.025,2.849,-1.554,0.025,0.02440690687608334
2025-01-09,101.166,101.54,97.051,99.267,23730300,0.038,4.489,-1.899,0.038,0.03727965297179222
2025-01-16,98.845,101.828,98.711,100.888,25816600,-0.023,3.117,2.043,0.023,-0.023209765375997865
2025-01-23,97.406,101.166,96.246,99.852,27400000,-0.015,4.92,2.446,0.015,-0.01466515625400399
2025-01-30,96.111,98.087,93.071,97.828,28532400,-0.013,5.016,1.717,0.013,-0.013384036868269103
2025-02-06,94.375,98.413,93.819,94.845,46653100,-0.018,4.594,0.47,0.018,-0.018227565956438777
2025-02-13,95.498,96.188,91.393,93.819,36582700,0.012,4.795,-1.678,0.012,0.011829097289823664
2025-02-20,92.946,98.709,92.076,96.447,33263500,-0.027,6.633,3.5,0.027,-0.027086625506731445
2025-02-27,85.937,96.456,83.935,93.981,54030700,-0.075,12.521,8.044,0.075,-0.07840420969013437
2025-03-06,94.513,94.551,85.008,85.859,54060800,0.1,9.543,-8.654,0.1,0.09512292151376324
2025-03-13,97.974,99.26,92.956,93.788,43657700,0.037,6.304,-4.187,0.037,0.035964746172317805
2025-03-20,99.782,101.397,97.5,97.8,87161400,0.018,3.897,-1.982,0.018,0.018285668980796872
2025-03-27,102.586,102.683,98.245,99.492,29700200,0.028,4.438,-3.094,0.028,0.027713664855475235
2025-04-03,88.479,98.081,77.235,97.007,71251200,-0.138,20.846,8.528,0.138,-0.14793623546349302
2025-04-10,83.5,85.714,78.124,85.569,43225400,-0.056,7.59,2.069,0.056,-0.0579186038641968
2025-04-17,86.952,88.634,83.471,84.902,27274300,0.041,5.163,-2.05,0.041,0.04050961040407601
2025-04-24,86.169,90.249,85.153,87.745,29168600,-0.009,5.095,1.576,0.009,-0.00904575804347431
2025-05-01,84.805,89.379,84.003,85.501,42301300,-0.016,5.376,0.696,0.016,-0.015955980893608963
2025-05-08,89.504,91.931,85.376,86.401,48151900,0.055,6.555,-3.104,0.055,0.05392881369574681
2025-05-15,84.264,90.52,84.157,87.899,34534800,-0.059,6.362,3.635,0.059,-0.0603285894853085
2025-05-22,82.475,84.454,82.182,84.23,27396900,-0.021,2.272,1.755,0.021,-0.021459510419595717
2025-05-29,83.811,86.658,82.241,82.689,48715700,0.016,4.417,-1.121,0.016,0.016069046675374846
2025-06-05,91.027,91.485,83.109,84.679,35791000,0.086,8.376,-6.348,0.086,0.08259190201581486
2025-06-12,91.465,95.805,89.837,90.393,53626500,0.005,5.968,-1.073,0.005,0.004800219637426687
2025-06-19,86.785,93.913,86.59,92.002,45173100,-0.051,7.323,5.217,0.051,-0.052522589770416676
2025-06-26,92.09,92.129,86.882,87.058,41950800,0.061,5.246,-5.032,0.061,0.05933256406043074
2025-07-03,92.177,94.508,88.969,91.612,28904800,0.001,5.539,-0.566,0.001,0.0009442820088740662
2025-07-10,89.232,93.796,88.833,91.758,22398800,-0.032,4.963,2.526,0.032,-0.032470922094951865
2025-07-17,92.675,92.909,88.511,88.833,29770900,0.039,4.398,-3.842,0.039,0.037859029389598085
2025-07-24,94.264,95.629,91.953,92.051,25947400,0.017,3.676,-2.213,0.017,0.017000607374243634
2025-07-31,90.793,94.537,89.671,92.889,36176500,-0.037,4.866,2.096,0.037,-0.03751716628658545
2025-08-07,93.494,94.371,88.911,89.749,40352100,0.03,5.461,-3.744,0.03,0.029315072988137944
2025-08-14,92.528,94.03,90.871,93.221,33017300,-0.01,3.159,0.692,0.01,-0.010385961696729602
2025-08-21,96.251,96.969,92.23,93.164,31342900,0.04,4.739,-3.087,0.04,0.03944806130844919
2025-08-28,93.056,97.971,92.751,96.418,23821100,-0.033,5.221,3.362,0.033,-0.033757900253312156
2025-09-04,92.731,94.55,88.985,92.957,34065700,-0.003,5.565,0.226,0.003,-0.0034986337204626285
2025-09-11,92.24,93.596,90.146,91.266,29756600,-0.005,3.451,-0.973,0.005,-0.005308952789733241
2025-09-18,94.019,95.022,89.546,92.023,41677000,0.019,5.476,-1.996,0.019,0.019103013543731683
2025-09-25,93.852,97.971,91.974,93.596,35702600,-0.002,5.997,-0.256,0.002,-0.0017778160970606223
2025-10-02,92.171,94.521,91.07,93.4,22565600,-0.018,3.451,1.229,0.018,-0.01807352594356087
2025-10-09,86.262,93.419,85.131,92.721,32759700,-0.064,8.288,6.459,0.064,-0.06625637079540336
2025-10-16,85.938,86.94,84.158,86.144,32430900,-0.004,2.782,0.206,0.004,-0.0037630706427273985
2025-10-23,86.596,89.457,85.23,88.199,32180000,0.008,4.228,1.603,0.008,0.007627519099400903
2025-10-30,86.223,88.101,85.544,86.449,29185100,-0.004,2.556,0.226,0.004,-0.0043166617003134915
2025-11-06,87.57,89.851,84.129,85.535,40243700,0.016,5.722,-2.035,0.016,0.015501510109262482
2025-11-13,86.498,90.273,85.574,88.032,36416600,-0.012,4.699,1.534,0.012,-0.012317181250885939
2025-11-20,86.417,89.89,85.038,87.807,31094100,-0.001,4.852,1.389,0.001,-0.0009368765685421662
2025-11-27,91.101,91.131,86.209,86.417,22612700,0.054,4.922,-4.684,0.054,0.052784365439369735
2025-12-04,96.053,96.658,90.932,90.932,41978200,0.054,5.725,-5.12,0.054,0.05293134130515908
2025-12-11,94.227,96.955,90.059,95.417,41620300,-0.019,6.896,1.191,0.019,-0.019193357741964442
2025-12-18,91.091,93.8,90.893,93.522,35550500,-0.033,2.907,2.431,0.033,-0.03384775786733587
2025-12-25,93.373,93.582,90.049,91.2,14385600,0.025,3.533,-2.173,0.025,0.02474321736428687
